elect_dist,geometry
46049,"list(list(c(-74.0262631546064, -74.023853293764, -74.0241534346817, -74.024448890422, -74.0267333459602, -74.0268572020726, -74.0273910282453, -74.0285923068645, -74.0289315884933, -74.0295728483018, -74.0292746497474, -74.0289757600683, -74.0284031530649, -74.0271434539701, -74.0262631546064, 40.627919957396, 40.62651447391, 40.6257804159255, 40.6250484463409, 40.6264252737421, 40.6264577469498, 40.6265862758387, 40.6268710880418, 40.626951528675, 40.6271035525948, 40.6278329239578, 40.6285640771682, 
40.6284281152475, 40.6281310419333, 40.627919957396)))"
46053,"list(list(c(-74.0274372501343, -74.0277339448371, -74.0279902944255, -74.0307077557451, -74.0310599178661, -74.0313598837466, -74.0323488487347, -74.0340433070531, -74.0337421167045, -74.0333913533005, -74.0360710950868, -74.0357888357022, -74.035514330947, -74.032832309428, -74.0306237275092, -74.0301494502416, -74.0274372501343, 40.6250276089114, 40.6243014032268, 40.6236824961447, 40.6243282577836, 40.6234628980092, 40.6227287216552, 40.622962565218, 40.6233631947277, 40.6240989726048, 40.6249667922578, 
40.6255988732142, 40.6262850497848, 40.6269617317102, 40.626329049473, 40.6258037560566, 40.6256909464553, 40.6250276089114)))"
46066,"list(list(c(-74.0134087723857, -74.0137903205478, -74.0157081171445, -74.0150007203463, -74.0142847452632, -74.0135720346891, -74.0128574103218, -74.0121416293582, -74.0105002974342, -74.011081515624, -74.0116652529346, -74.0122453399759, -74.0128273095168, -74.0134087723857, 40.6248958794714, 40.6251280601258, 40.6262950498734, 40.626768907095, 40.6272471474084, 40.627727877019, 40.6282063513171, 40.628684335437, 40.6276927996191, 40.6271340178581, 40.6265741695646, 40.6260156066226, 40.6254557349584, 
40.6248958794714)))"
46069,"list(list(c(-74.0142028835077, -74.0147848719226, -74.0153672880205, -74.0171638661565, -74.0175699417681, -74.0181516201312, -74.0187329461707, -74.0203030423071, -74.0211769946009, -74.0209036827418, -74.0206233103417, -74.0206082815107, -74.0204240990773, -74.02035701583, -74.0201374125295, -74.0200866726849, -74.0197049155713, -74.0193870292767, -74.0190757830465, -74.0164062233588, -74.0142028835077, 40.6206847443857, 40.6201247998332, 40.6195636177234, 40.6206521730624, 40.6208982069831, 40.6203364438377, 
40.6197770377503, 40.6207052481081, 40.6212578568599, 40.6215261668624, 40.6218062515635, 40.6219261742003, 40.6221633103663, 40.6221229969182, 40.6223435406393, 40.6224209521593, 40.6221849650081, 40.6228918191997, 40.6236146735349, 40.6220141768869, 40.6206847443857)))"
46070,"list(list(c(-74.0093416449816, -74.0099237199307, -74.0105040358741, -74.0110864810411, -74.0117120155573, -74.0139065644022, -74.0144510739002, -74.0161182401561, -74.0154887759035, -74.0149090036494, -74.0143276138145, -74.0137480884053, -74.0131638131488, -74.0109617606592, -74.0115434719953, -74.0093416449816, 40.6150150960398, 40.6144566431481, 40.613896611995, 40.6133390442022, 40.6127350291875, 40.6140523615145, 40.6143801988338, 40.6153840362545, 40.615997917266, 40.6165578928141, 40.6171173439213, 
40.6176765948177, 40.6182361731673, 40.6169063441809, 40.6163449377382, 40.6150150960398)))"
46071,"list(list(c(-74.0153672880205, -74.0159493398453, -74.0165297873489, -74.0171110276122, -74.0176915965047, -74.0183257897032, -74.0198416396611, -74.0205260869444, -74.0212154826465, -74.0214520755885, -74.0216084845694, -74.0218300638168, -74.0227329117212, -74.0220036649981, -74.0228759874349, -74.022932703403, -74.0231850514509, -74.0232664343457, -74.0231207073104, -74.0227163027262, -74.0222700249837, -74.022151924431, -74.0220765455612, -74.021952406481, -74.0218845076175, -74.0217404579948, 
-74.0218658168151, -74.0218015423918, -74.0217292553149, -74.0211769946009, -74.0203030423071, -74.0187329461707, -74.0181516201312, -74.0175699417681, -74.0171638661565, -74.0153672880205, 40.6195636177234, 40.6190048734069, 40.6184470358542, 40.6178875209358, 40.6173259484068, 40.6167260520331, 40.6176439752545, 40.6180578444741, 40.6184719852792, 40.6180271916874, 40.6175367382938, 40.6176434639022, 40.6180881104773, 40.61893867579, 40.6194661479088, 40.6195046251807, 40.6196758528367, 40.619724681094, 
40.6198938006714, 40.6203634668716, 40.6208809298443, 40.6210194713267, 40.6209745673386, 40.620900712256, 40.620856851925, 40.6207746145801, 40.620641727071, 40.6206031661089, 40.6206794521361, 40.6212578568599, 40.6207052481081, 40.6197770377503, 40.6203364438377, 40.6208982069831, 40.6206521730624, 40.6195636177234)))"
61052,"list(list(c(-74.0836002634675, -74.0837395220229, -74.0837396047715, -74.0837396760748, -74.0838601549062, -74.0838602610913, -74.0838603430896, -74.0839610752991, -74.0839611220079, -74.0839611579322, -74.0840413171143, -74.0840413637901, -74.084041399681, -74.0841004095421, -74.0841379885826, -74.0841380121944, -74.0841380236999, -74.0841541987568, -74.0849621187666, -74.0852499163183, -74.0859601710746, -74.0864822463119, -74.0878166396721, -74.0884899756264, -74.0885447285158, -74.090068777984, 
-74.0912170616673, -74.0909499380427, -74.090751747133, -74.0907978461091, -74.0908385592779, -74.0924661426403, -74.0908305142521, -74.091593614802, -74.0905838167145, -74.0905257088842, -74.0893431251332, -74.0892759179685, -74.0891972346467, -74.0891080851653, -74.0890097726163, -74.0889038770535, -74.0887063588463, -74.0885231356479, -74.0883562136892, -74.0882072811743, -74.0880776494619, -74.086822347328, -74.0852072697828, -74.0851836515094, -74.0851667559948, -74.0851568189505, -74.0851539790029, 
-74.0851582757599, -74.0851696493125, -74.0851879410039, -74.0852128956157, -74.0852441649704, -74.0852813127897, -74.0857028516361, -74.085774197228, -74.0858456327785, -74.0859161941011, -74.0859849288098, -74.0860509091759, -74.0861132446966, -74.0861710940214, -74.0862236763541, -74.0864971314337, -74.0862104876946, -74.0853286368279, -74.0854299068179, -74.0848074146859, -74.0845085791041, -74.0836002634675, 40.6278827830177, 40.6276683480868, 40.6276682310914, 40.6276681048903, 40.6274458947381, 
40.6274457058558, 40.627445516991, 40.6272167479708, 40.6272166480896, 40.6272165398398, 40.626982742145, 40.6269826162967, 40.6269824817449, 40.626745250211, 40.6265062870012, 40.626506179933, 40.6265060624869, 40.6262671154303, 40.6246252330335, 40.6228008712858, 40.622836588611, 40.6226378265049, 40.6225620087973, 40.6234490759789, 40.6226186007788, 40.6225406125811, 40.6224826138828, 40.623356222876, 40.6240480326311, 40.6242697315085, 40.6244321981063, 40.6242074635406, 40.6260939431954, 40.6265586501346, 
40.6280514358475, 40.628139164987, 40.6299194434592, 40.6300060937664, 40.630087861769, 40.6301634801436, 40.6302318192165, 40.6302919906781, 40.6304275003963, 40.630575614851, 40.6307349636913, 40.6309039258576, 40.6310807167368, 40.6303178591101, 40.6293136363097, 40.6292712620979, 40.6292270617302, 40.6291816518869, 40.6291356661217, 40.6290897460219, 40.6290445319555, 40.6290006550565, 40.6289587274941, 40.6289193342392, 40.6288830249037, 40.6286480724007, 40.6286518262491, 40.6286492502968, 
40.6286403793122, 40.6286253330294, 40.628604314812, 40.6285776080812, 40.6285455733032, 40.6285086428574, 40.6280248667693, 40.627979606387, 40.6279481062718, 40.6273120839161, 40.6272699500909, 40.6279165903435, 40.6278827830177)))"
63003,"list(list(c(-74.1947422835371, -74.193630402773, -74.193550356643, -74.1927511829829, -74.195214727208, -74.1964591130653, -74.197392835817, -74.1974165754135, -74.1974317802253, -74.1969865777706, -74.1955304820177, -74.1947422835371, 40.5560006735368, 40.5549221986786, 40.5548452752299, 40.5540867988191, 40.5526165848402, 40.55187474474, 40.5532438484077, 40.553631464942, 40.5543527264473, 40.5555604621099, 40.5564758830803, 40.5560006735368)))"
63011,"list(list(c(-74.1657864125923, -74.1675898359536, -74.1676502634501, -74.1677059304354, -74.1677566704284, -74.1678023320471, -74.1678427783744, -74.1678778884566, -74.1679245524255, -74.1679629407304, -74.1679929347626, -74.1680144412782, -74.1681874540212, -74.168080118584, -74.1667709019008, -74.166322392285, -74.1654566176075, -74.165243285759, -74.1646176434937, -74.1639260751314, -74.1636585798958, -74.16304926267, -74.1629137284479, -74.1627894481922, -74.1626786331022, -74.1625971855381, 
-74.1625866035529, -74.1625296802642, -74.162488121944, -74.1624134617834, -74.1623383287612, -74.1622629805793, -74.1621876756811, -74.1621126723767, -74.1620382279265, -74.1618711569356, -74.1617605055048, -74.1616521967212, -74.1615463909628, -74.1614432449813, -74.1613429113852, -74.1612455387354, -74.161997474115, -74.162080017593, -74.1621551434869, -74.1622226610591, -74.1622823986321, -74.1627982033132, -74.1619572170067, -74.1616609391197, -74.1609271111748, -74.1605356558675, -74.1606607128906, 
-74.1591132327943, -74.1589740942501, -74.1581465634064, -74.158085475859, -74.1580171861429, -74.1579506422151, -74.1578951544208, -74.1578563952979, -74.1573435776635, -74.1561455255139, -74.1541797618234, -74.1531586058397, -74.1529379542283, -74.1527273259744, -74.1525276525158, -74.1522125479722, -74.1522122941418, -74.1522120398532, -74.1519055333996, -74.1516086108347, -74.1516083353853, -74.1516080700303, -74.1513216367361, -74.1512287890958, -74.1512287393736, -74.1512287010669, -74.1511418391319, 
-74.1511417858726, -74.1511417374442, -74.1510619176456, -74.1510618181292, -74.1510617271711, -74.1509898318703, -74.1509897627143, -74.150989706295, -74.1509264691768, -74.1509263759673, -74.1509262899859, -74.1508722425482, -74.1508277198438, -74.1507736485838, -74.1507263184048, -74.1506858138507, -74.150652207266, -74.1506259311403, -74.1506064369634, -74.1505937584244, -74.1505879174204, -74.150575206545, -74.1505534940841, -74.1505228740741, -74.150483479111, -74.1504354797758, -74.1503790838955, 
-74.1503145356427, -74.150242114478, -74.1501621339402, -74.1497785121076, -74.1494012138115, -74.1490303231898, -74.1486659231618, -74.1483080947123, -74.1479569176206, -74.1477549306518, -74.1477548714113, -74.1475702465957, -74.1474043937057, -74.1474042751659, -74.1474041682478, -74.1472580580211, -74.147199087328, -74.1471990517968, -74.1471990041817, -74.1471251517956, -74.1471251048384, -74.1471250449394, -74.147037282831, -74.1470372229344, -74.1470371643716, -74.1469367937564, -74.1468866428065, 
-74.1468864819411, -74.1468863462423, -74.1468471168259, -74.1468469471734, -74.1468468363283, -74.146823591781, -74.1468234824162, -74.1468234668461, -74.1468190792681, -74.146819062299, -74.1468191136814, -74.1468331648706, -74.1468332042847, -74.1468332773923, -74.1468624327146, -74.1469099625989, -74.1469625855188, -74.1470200906749, -74.1470562229594, -74.1470845093518, -74.1471045787956, -74.1471161680305, -74.1471191250454, -74.1471134110713, -74.1470991010885, -74.1470763828422, -74.1470455543782, 
-74.1470070201321, -74.1469612856232, -74.1467109617063, -74.1466728889252, -74.1466386005609, -74.1466089602348, -74.146584714495, -74.1465664740136, -74.1465546982058, -74.1465496836595, -74.1465515566658, -74.1465932127364, -74.1468408288156, -74.1469905773909, -74.1472356836284, -74.1479014217093, -74.1501459479378, -74.1516371359177, -74.1625647565192, -74.1643866512156, -74.1644273761479, -74.1647661213754, -74.1648521499664, -74.1649961655406, -74.1655501357253, -74.1659198171382, -74.166889720225, 
-74.1698258238223, -74.1697649394794, -74.1697497483288, -74.1697496888282, -74.1697455412695, -74.1697377521662, -74.1697269342583, -74.1697249022134, -74.1696914729215, -74.169678017362, -74.169763571084, -74.1705653926777, -74.1735974638213, -74.1746954977842, -74.1767166046583, -74.1788756165372, -74.1837671562412, -74.186875893443, -74.1859161258871, -74.1853973339789, -74.1849137541937, -74.1849823389441, -74.1850049944619, -74.1850239428443, -74.185033416937, -74.1850358904637, -74.1850354785917, 
-74.1850316010732, -74.1850193059914, -74.1849873024112, -74.184930059498, -74.1848553317861, -74.1847788428781, -74.184699297219, -74.1846400052655, -74.1845905944057, -74.1845553544923, -74.1844919140924, -74.1844233667655, -74.1843658836799, -74.1842755586803, -74.1841909884837, -74.1841163007768, -74.1839316110828, -74.1838144763707, -74.1837235390217, -74.1836613077618, -74.183579157909, -74.1834729195933, -74.1833272574104, -74.1831256110068, -74.1830303936956, -74.1829702373524, -74.1829196388386, 
-74.1828831781196, -74.1828669692298, -74.1828590436971, -74.1828453060254, -74.182819985238, -74.1827897211883, -74.182711389604, -74.1826681283807, -74.1826050000665, -74.1825223282288, -74.1824903749129, -74.18243413835, -74.1823923274917, -74.182343547519, -74.1822738205733, -74.1822215050756, -74.1822017457286, -74.1821971800446, -74.1822003110853, -74.1821871356894, -74.1821712122531, -74.182145876241, -74.1821282718159, -74.1821081961405, -74.1820817296589, -74.1820634291933, -74.1820542073327, 
-74.1820073956266, -74.1819545527149, -74.1817451744244, -74.1816251581115, -74.1815596513334, -74.1815211798077, -74.1814102936971, -74.1811628178395, -74.1809773385815, -74.1808344309416, -74.1807763293282, -74.1807070200506, -74.1806752485842, -74.1806411898968, -74.1805905086064, -74.1805605042666, -74.1805594677739, -74.180538733569, -74.1805050699549, -74.1804613280649, -74.1804101530521, -74.1803793285805, -74.1803525791333, -74.1803263924476, -74.1803059278156, -74.1803426744026, -74.1802835659432, 
-74.1801841223535, -74.1801279810641, -74.1800734228928, -74.1800214722787, -74.1799731047008, -74.179929228362, -74.1798906671357, -74.1798581450966, -74.1798322729238, -74.1798349601802, -74.1798324273409, -74.1798247502092, -74.1798121585589, -74.1797950292575, -74.1797738749871, -74.1797493289, -74.179722125668, -74.1796919257092, -74.1796637914767, -74.1796383734586, -74.1796162593427, -74.179597960429, -74.1794739939733, -74.1792261007275, -74.1789089877005, -74.1788539822104, -74.1787780662973, 
-74.1786333263217, -74.178547694763, -74.1785457738312, -74.1784133604514, -74.1783213657107, -74.1782837895495, -74.1782637388916, -74.1782379071317, -74.1782279671811, -74.1782143790749, -74.1781936972588, -74.1781761743762, -74.17817578744, -74.1781859574064, -74.1781981617051, -74.1782245352881, -74.1782376327539, -74.178252350959, -74.1782602553093, -74.1782577804761, -74.1782585773641, -74.1782605205424, -74.1782481981151, -74.1782364810535, -74.1782213711613, -74.1781993362541, -74.1781711916889, 
-74.1781247918956, -74.1780848112968, -74.1780654791061, -74.178039890719, -74.1780327480466, -74.1780253795529, -74.1780167454006, -74.1780037256799, -74.1779815929894, -74.17798103856, -74.1779894143452, -74.1780031333459, -74.1780192650233, -74.1780473269016, -74.178153210441, -74.1781682370209, -74.1781902324592, -74.1782089555148, -74.1782215544627, -74.1782466530952, -74.178263285662, -74.1782766513799, -74.178302326788, -74.1783337316996, -74.1783646719445, -74.1784061133478, -74.1784351317569, 
-74.1784531852255, -74.1784590843273, -74.1784662222127, -74.1784711710902, -74.178465619464, -74.1784641783143, -74.1784772775209, -74.1784935993894, -74.1785103439554, -74.1785361745666, -74.1785546510635, -74.1785699382701, -74.1785835722538, -74.1785982823307, -74.1786030352508, -74.1785949430234, -74.1785788059292, -74.1785749705999, -74.1785766819526, -74.1785885078273, -74.178600944414, -74.1786137681766, -74.1786173317156, -74.1786145809654, -74.1786159820833, -74.1786241123676, -74.1786430526458, 
-74.1786658443675, -74.1786759802307, -74.1786709293554, -74.1786916434314, -74.1786998881064, -74.1787797115705, -74.1788004919175, -74.1788228255886, -74.1788488665241, -74.1788817909774, -74.1789195201868, -74.1789420082949, -74.1789520130967, -74.1789667756394, -74.1789886100706, -74.1790180146668, -74.1790515442562, -74.1790916418925, -74.1791201504504, -74.1791480276912, -74.1791731423394, -74.179199772813, -74.1792482803776, -74.1792557395971, -74.1792709439182, -74.1792857311136, -74.1792804940351, 
-74.1792836683004, -74.1793012715174, -74.1793141170243, -74.1793133028139, -74.1793097920926, -74.1793179325919, -74.179353816837, -74.1794016021307, -74.1794351464424, -74.1794650391115, -74.1795249582612, -74.1795708729022, -74.1795984818494, -74.1796326047529, -74.1796568481523, -74.179675596907, -74.1797050388541, -74.1797342240099, -74.1797520880998, -74.1797820082445, -74.1797992888816, -74.1798225309937, -74.1798510332723, -74.1798728919489, -74.1798894426019, -74.1799108519812, -74.1799349082439, 
-74.1799625607415, -74.1799931319292, -74.1800447918451, -74.180068084633, -74.1800753048209, -74.1800749548409, -74.1800728445039, -74.1800769325833, -74.1800882756794, -74.1801105005991, -74.1801304394692, -74.1801425250867, -74.1801631217996, -74.1802066261587, -74.1802301896688, -74.1802576705887, -74.1802860434386, -74.180310127879, -74.1803322449456, -74.1803478688474, -74.1803586350671, -74.1803718196949, -74.1803965106042, -74.1804120637424, -74.1804289295039, -74.1805008378607, -74.1805178509711, 
-74.1805411741948, -74.1805780801437, -74.1806003264041, -74.1806113540481, -74.1806306882003, -74.1806492380857, -74.1806656319984, -74.1806833897872, -74.1806946046983, -74.1807072115998, -74.180716215215, -74.1807295780867, -74.1807440195064, -74.1807634533588, -74.1807799982101, -74.1808073654434, -74.180829247805, -74.1808431146067, -74.1808579555855, -74.1808668021044, -74.1808757001119, -74.1808951565708, -74.1809222530478, -74.1809425616582, -74.1809645998769, -74.1809834826948, -74.1810022899005, 
-74.1810185173549, -74.1810311621239, -74.1810499940409, -74.1810699539171, -74.1810911400794, -74.1811069905829, -74.1811099958437, -74.1811134748969, -74.1811220865803, -74.1811361314014, -74.1811250333909, -74.1811316925768, -74.1811478698706, -74.1811678291938, -74.1811970299333, -74.1812115561171, -74.1812311399921, -74.1812493955307, -74.1812747874465, -74.1812913634663, -74.1813206887028, -74.181336689101, -74.1813498564905, -74.1813583454644, -74.1813551536191, -74.1813453236633, -74.1813323546188, 
-74.1813161615622, -74.1813163189039, -74.1813167331213, -74.1813202962007, -74.1813180225751, -74.1813110497262, -74.1812998501808, -74.1812837543868, -74.1812657923301, -74.1812552683337, -74.1812394407005, -74.18122210322, -74.1812165692226, -74.181175714708, -74.1811448629116, -74.1811196386884, -74.1811086291958, -74.1810745611049, -74.1810449812662, -74.1809855438624, -74.1809262807641, -74.180833525792, -74.1807731539111, -74.1807183381799, -74.1806808099706, -74.180646328226, -74.1806195955358, 
-74.1805883511132, -74.1805515494218, -74.1804758615685, -74.1804434942541, -74.1804069052701, -74.1803868262921, -74.1803558043531, -74.1803335981904, -74.1803126333919, -74.1802872228861, -74.1802534623632, -74.1802086013088, -74.1801599485809, -74.1801295448421, -74.1800891625972, -74.180044078683, -74.1800037493911, -74.1799778367159, -74.1799461128012, -74.179913656053, -74.1798894806756, -74.1798685795594, -74.1798457791219, -74.1798287908076, -74.1798203628722, -74.179806458561, -74.1797961463271, 
-74.1797756673393, -74.1797496773002, -74.1797327100983, -74.1797126715309, -74.1797043209963, -74.1796983352912, -74.1796979110128, -74.1797172065053, -74.1797274762803, -74.1797416058732, -74.1797476486623, -74.1797494280696, -74.1797405426131, -74.1797085227184, -74.1796714277111, -74.1796304724486, -74.1795935923948, -74.1793530302108, -74.1792631237412, -74.1792055017395, -74.1791613480313, -74.179105757238, -74.1790740504645, -74.1790508675202, -74.1790302716422, -74.1790044817167, -74.1789955194109, 
-74.1789986753593, -74.1789945666228, -74.1790011098623, -74.1790160597125, -74.1790286969809, -74.1790427781711, -74.1790537020819, -74.179065467847, -74.179080854192, -74.1790956679558, -74.179104000609, -74.1791352575375, -74.1791526261216, -74.1791919062195, -74.1792462942227, -74.1792890048511, -74.1793315773188, -74.1793772002146, -74.1794236937747, -74.1794662407627, -74.1795048407369, -74.1795539196682, -74.1795937437815, -74.1796315804376, -74.1796632932611, -74.1796920133042, -74.1797087872209, 
-74.1797136772272, -74.1797358854847, -74.1797652268399, -74.1797877818291, -74.1798062572532, -74.1798197222109, -74.1798211953101, -74.1798126593636, -74.1797858077046, -74.1797459846451, -74.1796969300936, -74.1796558469531, -74.1795873512105, -74.1795486939227, -74.179453399628, -74.1793220637212, -74.1793177707581, -74.1791842067251, -74.1791242487431, -74.1790917665679, -74.1790458033015, -74.178999873766, -74.1789581089814, -74.178932663031, -74.1789174065697, -74.178909537772, -74.1788975015764, 
-74.1788776934229, -74.1788668106747, -74.1788456331548, -74.1788341926472, -74.1788154028584, -74.1787858644796, -74.178757933357, -74.1787352575372, -74.1787149937355, -74.1787048143624, -74.1786898060763, -74.1786449798437, -74.1786107529918, -74.1785800949493, -74.1785467028468, -74.1784869130821, -74.1784373071279, -74.1783852816882, -74.1783691229215, -74.1783310351283, -74.1782886882269, -74.1782491200426, -74.1782248023453, -74.1782005237742, -74.1781711648008, -74.1781229533458, -74.1780765698837, 
-74.1780368230143, -74.1780174745509, -74.1779873221879, -74.1779273744467, -74.1778546968639, -74.1778107533617, -74.1777443855609, -74.1776755379237, -74.1775345567704, -74.177457046427, -74.1773972972979, -74.1773764199394, -74.1773830878603, -74.1773995279877, -74.1774105608542, -74.1774047254164, -74.1773759025938, -74.1773492723921, -74.1773276621872, -74.17730460356, -74.1772394364122, -74.1771908293538, -74.1771483207539, -74.1771241824669, -74.1770442219292, -74.1769982896637, -74.1769370852149, 
-74.1768544042177, -74.1768090075976, -74.1767726326228, -74.1767395048464, -74.1767104119608, -74.1766856021551, -74.1766596773954, -74.1765934548712, -74.1765536723771, -74.1765285224142, -74.1765078994695, -74.1764916627653, -74.1764874281285, -74.176490942407, -74.1765031073553, -74.1765123596237, -74.1765105577197, -74.1764969899107, -74.1764632351763, -74.1764324726957, -74.1764034756655, -74.1763988054924, -74.1763986317718, -74.1763841148968, -74.1763628101916, -74.1762799298989, -74.1762505161458, 
-74.1762265903353, -74.1761999002844, -74.1761321021912, -74.1760893102211, -74.1760579181398, -74.1760284968689, -74.1759978658256, -74.1759620298115, -74.1759381906362, -74.1759342759566, -74.1759337397151, -74.1759231767829, -74.1759047294869, -74.1758868254068, -74.175870647504, -74.1758700559814, -74.1758730587558, -74.1758701003337, -74.1758479472281, -74.1758300696098, -74.1758218665931, -74.1758075713396, -74.1757811533853, -74.1757510274984, -74.1757275999216, -74.1757176571315, -74.1757122644694, 
-74.1757121211713, -74.1757258475662, -74.1757244070423, -74.1757079870196, -74.1756820450988, -74.175658578052, -74.1756294700601, -74.1755955296387, -74.1755629007184, -74.1755233157834, -74.1754833169002, -74.1754352474403, -74.1753929589434, -74.1753548580542, -74.1753329086341, -74.1753139647514, -74.1752967333696, -74.1752750028783, -74.1752390769887, -74.1752152328181, -74.1751733145136, -74.1751177020896, -74.1750804352288, -74.1750607669827, -74.1750315794216, -74.1749942230446, -74.1749522301343, 
-74.1749301126991, -74.1749013121941, -74.1748851584628, -74.1748715802893, -74.1748593959754, -74.1748489545738, -74.174840555207, -74.1748344384984, -74.1748307796788, -74.1748296835663, -74.1748311815633, -74.1748635570082, -74.1750017276751, -74.1750424747566, -74.1750898045567, -74.1751075067405, -74.1751133134881, -74.1751047868084, -74.1750955013452, -74.1750875818063, -74.1750692056415, -74.1750436925315, -74.1750194809448, -74.1749923129711, -74.1749463411898, -74.1748894350628, -74.1748377137835, 
-74.1747783165348, -74.174633398154, -74.1745753770958, -74.1745235406809, -74.1744881372585, -74.1744326997452, -74.174390265462, -74.1743581382781, -74.1743397206193, -74.174327943662, -74.1742970067532, -74.1742541284613, -74.1741201791587, -74.1740724270184, -74.174025973206, -74.1739726622837, -74.1739175966819, -74.1738617334262, -74.1738293778559, -74.1737786587334, -74.173728273198, -74.1736638381395, -74.1736223054526, -74.1735447096094, -74.1734642174406, -74.1733816565988, -74.1732978760055, 
-74.1732137371236, -74.1731301050992, -74.1730478398676, -74.172967787311, -74.1728512820687, -74.1727932003963, -74.1726930188235, -74.1725533378485, -74.1723978945019, -74.1722529883183, -74.1721028530033, -74.1720080298594, -74.1719131549169, -74.1717208219866, -74.1715785154073, -74.1713915304899, -74.1711861213649, -74.170985988763, -74.1708174718749, -74.1674138371631, -74.1663491226703, -74.1636026822521, -74.1635411444264, -74.1635163961256, -74.1634960610448, -74.1634801729706, -74.1634687582006, 
-74.1634699505785, -74.1634199219283, -74.1637822862616, -74.1657864125923, 40.5907078038004, 40.5889534887428, 40.5888883647735, 40.5888208197848, 40.5887510557985, 40.5886792815076, 40.5886057115305, 40.5885305659076, 40.5884182001655, 40.588304028666, 40.5881884052596, 40.5880716884433, 40.5874151578892, 40.5873500998477, 40.5865660604433, 40.586473990428, 40.5860527649604, 40.5859496822065, 40.5856393852207, 40.5852963821237, 40.585148045523, 40.5848101488958, 40.5847205586499, 40.5846199839644, 
40.5845097551132, 40.5844089312619, 40.5843932349687, 40.5842823813745, 40.5841688969156, 40.5841767226969, 40.5841812028851, 40.5841823221134, 40.5841800762941, 40.5841744733544, 40.5841655325121, 40.5841200406186, 40.5840752426769, 40.5840272322474, 40.5839760804234, 40.5839218629604, 40.5838646601759, 40.5838045567724, 40.5830094709707, 40.5828988477079, 40.5827851933313, 40.5826687962284, 40.582549952736, 40.581256208248, 40.5808552447417, 40.5806957106599, 40.5803004114429, 40.5800827249783, 
40.5790719434106, 40.577770350809, 40.5778440191351, 40.5784370412115, 40.5784510200354, 40.5784508169527, 40.5784344017532, 40.5784040490956, 40.5783654346487, 40.5778341433743, 40.5785004286046, 40.5796009344774, 40.5801725915737, 40.5803119539316, 40.5804603075954, 40.5806169933264, 40.580474550108, 40.5804744335085, 40.5804743087008, 40.5803208306319, 40.5801568100242, 40.5801566545851, 40.5801564934366, 40.579982433602, 40.5799239509491, 40.5799239225345, 40.5799238895815, 40.5798592018876, 
40.5798591639285, 40.5798591246227, 40.57978880983, 40.5797887210026, 40.5797886273056, 40.579713344001, 40.5797132720541, 40.5797131969074, 40.5796337394056, 40.5796336215871, 40.5796334937074, 40.5795506425154, 40.5794652737219, 40.5793445345093, 40.5792221607683, 40.5790983711856, 40.5789733869768, 40.57884945896, 40.5787248049948, 40.578599640748, 40.5784741827678, 40.5783694927459, 40.5782656666538, 40.5781631539615, 40.578062398451, 40.5779638362953, 40.5778678941707, 40.5777749874094, 40.5776855182017, 
40.5775998738557, 40.5772793995346, 40.5769545912685, 40.5766255215697, 40.5762922638739, 40.5759548926382, 40.5756134831747, 40.5754166989888, 40.5754166364089, 40.5752094919727, 40.5749934705445, 40.574993318077, 40.5749931552077, 40.574769635231, 40.5746556942327, 40.5746556224079, 40.5746555505987, 40.5745461861089, 40.5745461136286, 40.5745460507141, 40.5744428275287, 40.5744427656194, 40.5744427107445, 40.5743470602171, 40.5743092646329, 40.574309146395, 40.5743089828919, 40.5742607370579, 
40.5742605193185, 40.574260267998, 40.5742045677553, 40.5742042901307, 40.5742040035071, 40.5741456090715, 40.5741453856084, 40.5741451726124, 40.5740893570177, 40.5740891966413, 40.5740890719057, 40.5740400782468, 40.573977538478, 40.5739174166054, 40.5738599534528, 40.5738092142559, 40.5737556573912, 40.5736999854461, 40.5736429287528, 40.5735852358076, 40.5735276634515, 40.5734709669415, 40.573415890043, 40.5733631552732, 40.5733134544226, 40.5732674394804, 40.5732126248872, 40.573196695376, 40.5731763735614, 
40.5731521712912, 40.5731246981504, 40.5730946461064, 40.5730627720813, 40.5730298788858, 40.5729967949997, 40.5728751122024, 40.5723384022159, 40.5720133209792, 40.5714610589974, 40.5708895811083, 40.5712740617825, 40.5707469288204, 40.5667293999792, 40.5656248615301, 40.5653379842283, 40.5629516951994, 40.5623456418448, 40.5614469708751, 40.5606424482222, 40.5602904102696, 40.5604766053655, 40.5610904206045, 40.5628842636103, 40.5633295125084, 40.5633312534007, 40.5634528228293, 40.5638384189076, 
40.5643739981714, 40.5644711598641, 40.5660703999478, 40.5664702455243, 40.5665009027458, 40.5668422173729, 40.5668428198579, 40.5668641337279, 40.5699055605974, 40.5717681917075, 40.5736120698945, 40.5770550984486, 40.5767086394626, 40.5765212086123, 40.5765377920922, 40.576676601476, 40.5767108273675, 40.5767343770174, 40.5767497627803, 40.5767582413367, 40.5767626369789, 40.5767816741156, 40.576796166321, 40.5768081741305, 40.5768213677964, 40.5768338177591, 40.5768363644644, 40.576836899141, 
40.5768336776936, 40.5768141832403, 40.5767991313429, 40.5767826074075, 40.5767724820625, 40.5767761442204, 40.5767777198446, 40.5767855238111, 40.5767770522658, 40.57676209133, 40.5767647359673, 40.5767659092279, 40.5767737672084, 40.576788857085, 40.5768035506353, 40.5768191464977, 40.5768361378264, 40.5768344949847, 40.5768282635411, 40.5768201870869, 40.5768043308023, 40.5767847179153, 40.5767738100961, 40.5767501305057, 40.5767310290075, 40.5767200655936, 40.5767035017118, 40.5767002525777, 
40.5766928782564, 40.5766669537118, 40.5766621967015, 40.5766609854844, 40.5766668242816, 40.5766835330762, 40.5767027272211, 40.5767065349046, 40.5766976012183, 40.5766799555021, 40.5766649341642, 40.5766530113523, 40.5766482293338, 40.5766527062001, 40.5766720318758, 40.5766954264109, 40.5767178702878, 40.5767359250023, 40.5767412454549, 40.5767486750262, 40.5767529489891, 40.5767550892362, 40.5767753573259, 40.5767908213486, 40.5767994251598, 40.5768246637844, 40.5769020274051, 40.5769584988705, 
40.5770018504467, 40.5770269145584, 40.5770610202661, 40.5770836293046, 40.5771121031301, 40.5771362828165, 40.5771592266178, 40.5771716276339, 40.5771891694345, 40.5771933846107, 40.5771951182411, 40.5771920065023, 40.5772013399109, 40.5772165974709, 40.5772485679245, 40.5772687386407, 40.5775143710259, 40.57756356244, 40.5776463212179, 40.5776522112268, 40.5776638979041, 40.5776811618091, 40.5777036787776, 40.577731026008, 40.5777626900003, 40.5777980761979, 40.5778365201509, 40.5778594352414, 
40.5778823605549, 40.5779046099309, 40.5779255174396, 40.5779444573126, 40.5779608626732, 40.5779742425032, 40.5779841963391, 40.5779928291564, 40.5780048533747, 40.5780199909839, 40.57803789199, 40.5780581425064, 40.5782058400547, 40.5785170387732, 40.5787809324788, 40.5788811103235, 40.5789128371719, 40.5790447615249, 40.5792410754028, 40.579245881803, 40.5793801845699, 40.5794788133123, 40.579575154026, 40.5796189605102, 40.5796753971527, 40.5797615818637, 40.5798459404614, 40.5799026013001, 40.5799753153024, 
40.5800067779991, 40.5800342778236, 40.5800546522975, 40.580099008125, 40.5801345989459, 40.5801758805833, 40.5802080434222, 40.58024490298, 40.5802877722837, 40.5803198483768, 40.5803555972452, 40.5803748088095, 40.5803810008641, 40.5803826227234, 40.5803940687865, 40.5804242584029, 40.5804479070692, 40.5804667094169, 40.5805052487598, 40.5805213197368, 40.5805464813973, 40.5805754259982, 40.5806037846729, 40.5806330560934, 40.5806673352227, 40.5807159774214, 40.5807581371522, 40.5807857232448, 
40.5808250343503, 40.5809549807137, 40.5809995446269, 40.5810548677171, 40.5811041810569, 40.5811402129181, 40.5811767973326, 40.5812039435176, 40.5812366326337, 40.5812735982763, 40.581308186819, 40.5813378496935, 40.5813698244151, 40.5814020671981, 40.5814270733008, 40.5814494442738, 40.5814849498347, 40.581525941375, 40.5815646193897, 40.5815952323343, 40.5816308236235, 40.5816546863382, 40.5816772873971, 40.5817158947047, 40.5817396393045, 40.5817697469483, 40.5817995338273, 40.5818292597262, 
40.5818624217254, 40.5818971133029, 40.5819211060332, 40.5819378207439, 40.5819674356725, 40.5819952583936, 40.5820180939756, 40.5820450374544, 40.582082802674, 40.5821110125976, 40.5821373430837, 40.5821604168837, 40.5821890871279, 40.5822241468287, 40.5822570133067, 40.5822952514545, 40.5823312513748, 40.5823432685292, 40.582459316691, 40.5824953246972, 40.5825192708193, 40.5825310362756, 40.5825581097631, 40.582601434355, 40.5826439542382, 40.5826805631748, 40.5827103005026, 40.5827346881407, 
40.5827532850405, 40.5827753696726, 40.5828094773848, 40.5828413384837, 40.5828666290374, 40.582874925318, 40.5828753109864, 40.5829011045945, 40.5829337247387, 40.5829906914573, 40.5830319892637, 40.5830677946919, 40.5830952855602, 40.5831207343406, 40.583153055243, 40.5831747914893, 40.5831871486022, 40.5831986679757, 40.5832115372206, 40.5832299379654, 40.5832466519607, 40.5832648060401, 40.5832912020683, 40.5833183758482, 40.5833296396126, 40.5833467347813, 40.5833680947807, 40.5833942997844, 
40.5834190855012, 40.5834298495393, 40.5834354614816, 40.5834482494574, 40.5834704075439, 40.5834926486064, 40.5835075791434, 40.5835096676943, 40.5835128757767, 40.5835215943437, 40.5835466787638, 40.5835810593005, 40.5836119754337, 40.5836652508756, 40.583693680693, 40.5837069027196, 40.5837259138741, 40.5837491485322, 40.5837749301469, 40.5837916403813, 40.5838032024554, 40.5838078750978, 40.583809680381, 40.5838155538447, 40.5838288253428, 40.583837424206, 40.5838416767252, 40.5838495959022, 
40.5838693130486, 40.5838854226766, 40.5839072606181, 40.5839235884231, 40.5839368922042, 40.583951622695, 40.5839557116321, 40.5839622052381, 40.5840403642015, 40.5840654277329, 40.5840884892503, 40.584112035021, 40.5841351556817, 40.5841485790913, 40.5841582391204, 40.5841596855582, 40.5841612523189, 40.5841714118786, 40.5841811092917, 40.5841940328126, 40.5842145866134, 40.5842410914169, 40.5842675358867, 40.5842895745094, 40.5843097096782, 40.5843354370453, 40.5843490832544, 40.5843582204479, 
40.5843718452334, 40.5843907568079, 40.5844158583571, 40.5844494559715, 40.5844735911996, 40.5844886008767, 40.5845047549022, 40.5845219033245, 40.5845382294594, 40.5845559303838, 40.5845758838598, 40.5845983973238, 40.5846154874096, 40.5846341627359, 40.5846477595957, 40.5846628633607, 40.5846890789615, 40.5847240968603, 40.5847889410615, 40.5848155212348, 40.5848469306042, 40.5848699970641, 40.5848870871334, 40.5848987356674, 40.5849037401581, 40.5849167239846, 40.5849388546815, 40.5849857705278, 
40.5850191288626, 40.5850617105291, 40.585094686625, 40.5851558646223, 40.585216431315, 40.5852851811735, 40.5853252440008, 40.585360756983, 40.5854053615288, 40.5854296445472, 40.5854573253333, 40.5854823128006, 40.5855113905027, 40.5855670952563, 40.5856038104829, 40.585627528436, 40.5856709318959, 40.5856944051726, 40.5857142772189, 40.585736344776, 40.5857436480835, 40.5857978785566, 40.5858370445529, 40.5858488051996, 40.5858573687474, 40.5858839566368, 40.585903975975, 40.5859334236694, 40.5859509849923, 
40.5859883209341, 40.5860059338467, 40.5860305027017, 40.586055552632, 40.5860698584353, 40.5860765966244, 40.5860754835822, 40.5860674135462, 40.58605306459, 40.5860447920469, 40.5860464683419, 40.5860529035226, 40.586068746923, 40.5860905482433, 40.5861139909102, 40.5861304255772, 40.5861468183886, 40.5861565093188, 40.5861604354484, 40.5861558889495, 40.5861518003613, 40.5861445335489, 40.5861340792213, 40.5861229660205, 40.5861087240835, 40.5860851848836, 40.5860608401262, 40.5860427109514, 40.5860216978736, 
40.5860038123538, 40.5859957135877, 40.5859887158525, 40.5859849468233, 40.5859863083832, 40.5859994022905, 40.5860283783025, 40.5860690421354, 40.5861006479493, 40.5861338633751, 40.5861587083598, 40.586192132524, 40.5862096727363, 40.5862338993867, 40.5862550442451, 40.5862716639268, 40.5862883091713, 40.5863110764524, 40.5863182236519, 40.5863186840626, 40.5863211120916, 40.5863330775546, 40.5863244954249, 40.5863273800411, 40.5863378214995, 40.5863607394512, 40.5863877732161, 40.5864238639153, 
40.5864722556354, 40.5865187308623, 40.5865726203664, 40.5866080163188, 40.5866668356964, 40.5866948088265, 40.5867277627517, 40.5867599890111, 40.5867955562417, 40.5868274509462, 40.5868622921902, 40.5868939371869, 40.5869196258855, 40.5869362683645, 40.5869695927261, 40.5869810240076, 40.5869869541202, 40.5869924676272, 40.5869990614686, 40.586998391757, 40.5870061048094, 40.5870112045287, 40.5870160969605, 40.5870207817751, 40.5870235969883, 40.5870235089494, 40.5870260974426, 40.5870350179023, 
40.5870419656806, 40.5870400334615, 40.5870395223865, 40.5870359430557, 40.5870444698164, 40.5870597345111, 40.5870803256585, 40.5871015741571, 40.587127653545, 40.5871623299704, 40.5872072677688, 40.5872660815641, 40.5873218855369, 40.5873717548502, 40.5874305837644, 40.587468342379, 40.5875583896905, 40.5876620749751, 40.5876648067127, 40.5877497845949, 40.5877796625131, 40.5877949364006, 40.5878035674583, 40.587805766813, 40.5878107664552, 40.5878227032044, 40.587842297444, 40.5878628227007, 40.5878805476532, 
40.5878995006342, 40.5879107393838, 40.5879198988629, 40.5879380226072, 40.5879625007965, 40.5879862081506, 40.5880021215263, 40.5880272135455, 40.5880474754461, 40.5880672549218, 40.588096696139, 40.5881464291761, 40.5881815056365, 40.5882052667792, 40.5882231553886, 40.5882345925517, 40.5882399672206, 40.5882364559974, 40.5882331906322, 40.5882255055245, 40.5882081538496, 40.5881776023738, 40.5881509556337, 40.5881314700513, 40.5881307750986, 40.588142785833, 40.5881568162999, 40.5881642059757, 
40.5881575500119, 40.588153941225, 40.5881644105227, 40.5881813921064, 40.5881915110594, 40.5882246271405, 40.5882544905759, 40.5882945621227, 40.5883400143794, 40.5883862979206, 40.5884547368696, 40.588488555674, 40.5885202190321, 40.5885466624708, 40.5885697021186, 40.5885955334518, 40.5886077720573, 40.5886138691459, 40.5886158195934, 40.5886343371708, 40.5886643366205, 40.5886802121059, 40.5886812583488, 40.5886838233248, 40.5886825091205, 40.5886804673806, 40.5886803316473, 40.5886778927539, 
40.5886918502857, 40.5887099051725, 40.5887316281178, 40.5887570386368, 40.5887701086197, 40.5888021687073, 40.5888118339814, 40.5888234869509, 40.5888452328213, 40.5888705368142, 40.5888986541247, 40.5889325651056, 40.5889722197875, 40.5889996295091, 40.5890196989791, 40.5890345307821, 40.5890559334422, 40.5890754566734, 40.5891045297268, 40.5891278486475, 40.5891509331599, 40.5891902671152, 40.5892044718202, 40.5892821776248, 40.5893116180005, 40.5893318152152, 40.5893377196836, 40.58932478245, 
40.5893257883796, 40.5893292296285, 40.5893346041572, 40.5893366393202, 40.5893403245714, 40.5893620796188, 40.5893772818919, 40.5893997894832, 40.589406163741, 40.5894047998115, 40.5894044286659, 40.5894128158383, 40.5894206827631, 40.5894334585011, 40.5894492890521, 40.5894746959916, 40.5894933957011, 40.589505769763, 40.5895198433523, 40.5895379935562, 40.5895594144106, 40.5895808054123, 40.5895983845928, 40.5896215008729, 40.5896950739116, 40.5897454009383, 40.5897584233773, 40.5897736360541, 
40.5897920999597, 40.589808383531, 40.589831110533, 40.5898500170277, 40.5898545484709, 40.5898563974917, 40.5898586105028, 40.5898745533163, 40.5898949442442, 40.5899123780664, 40.5899258539711, 40.5899521051167, 40.5899775801622, 40.5899886595453, 40.5899960961984, 40.5899943500445, 40.5899857711024, 40.5899694359552, 40.5899721787467, 40.5899814400986, 40.5899939542956, 40.5900004488541, 40.5900051563851, 40.5900121695102, 40.5900287491965, 40.5900327092219, 40.5900381306682, 40.5900452201668, 
40.5900537746199, 40.5900635489625, 40.5900742631821, 40.5900856103411, 40.5900972653692, 40.5901088943763, 40.590129605719, 40.5901355834109, 40.5901459301296, 40.5901644271718, 40.5901767303774, 40.5901950228001, 40.5902121057231, 40.5902349901801, 40.5902537327303, 40.5902700276887, 40.59028605659, 40.5902972687016, 40.5903127737339, 40.5903330251921, 40.5903505188163, 40.5903575562031, 40.5903633408963, 40.5903577868211, 40.5903550258096, 40.5903519095944, 40.5903532670761, 40.5903496815093, 
40.5903338342896, 40.5903278921841, 40.5903303054162, 40.5903414797517, 40.5903520617831, 40.5903541887699, 40.590333779984, 40.590327042422, 40.590315490753, 40.5903026372889, 40.5902952416279, 40.5902934323045, 40.5902949563545, 40.590276199893, 40.5902608085748, 40.5902380988287, 40.5901965991673, 40.5901717935964, 40.5901531062014, 40.5901407291331, 40.5901347896571, 40.5901353488452, 40.5901424009477, 40.5901558734522, 40.5901756278295, 40.5902176042983, 40.590203656358, 40.5901937610509, 40.590197989258, 
40.5902223336101, 40.5902446531086, 40.5902830545555, 40.5903073084065, 40.5903114682519, 40.5903398862425, 40.5903481362233, 40.5904066835838, 40.5904753058445, 40.5905459285655, 40.5905929698856, 40.5920865157434, 40.5920286737833, 40.5933741991592, 40.5933240315802, 40.5932419044678, 40.5931590764578, 40.5930756857391, 40.5929918705606, 40.5925064365922, 40.5924442346721, 40.5921881469009, 40.5907078038004)))"
63013,"list(list(c(-74.1576659045057, -74.1572173090265, -74.1568633250416, -74.1571278566953, -74.1576361717878, -74.1587474255505, -74.1588521857333, -74.1592770251262, -74.1593754752978, -74.158629174166, -74.1594616074349, -74.159862985428, -74.1605356558675, -74.1609271111748, -74.1616609391197, -74.1619572170067, -74.1627982033132, -74.1622823986321, -74.1622226610591, -74.1621551434869, -74.162080017593, -74.161997474115, -74.1612455387354, -74.1613429113852, -74.1614432449813, -74.1615463909628, 
-74.1616521967212, -74.1617605055048, -74.1618711569356, -74.1620382279265, -74.1621126723767, -74.1621876756811, -74.1622629805793, -74.1623383287612, -74.1624134617834, -74.162488121944, -74.1625296802642, -74.1625866035529, -74.1625971855381, -74.1626786331022, -74.1627894481922, -74.1629137284479, -74.16304926267, -74.1636585798958, -74.1639260751314, -74.1646176434937, -74.165243285759, -74.1654566176075, -74.166322392285, -74.1667709019008, -74.168080118584, -74.1681874540212, -74.1680144412782, 
-74.1679929347626, -74.1679629407304, -74.1679245524255, -74.1678778884566, -74.1678427783744, -74.1678023320471, -74.1677566704284, -74.1677059304354, -74.1676502634501, -74.1675898359536, -74.1674660565338, -74.1648430448429, -74.164439692384, -74.1642107377919, -74.1639524068541, -74.1638018531601, -74.1636381751601, -74.1629908989082, -74.1622680119635, -74.162028259689, -74.1615176355842, -74.161164553516, -74.1607775850149, -74.1601566060225, -74.1578711881785, -74.1584740810427, -74.1582759997791, 
-74.1581399053182, -74.1576659045057, 40.5833748324564, 40.5831366989584, 40.5829483165366, 40.5826631001659, 40.5822172077979, 40.5811531165844, 40.581051948522, 40.5800553671515, 40.5798434949866, 40.5792541967794, 40.5785305346571, 40.5788144757061, 40.5800827249783, 40.5803004114429, 40.5806957106599, 40.5808552447417, 40.581256208248, 40.582549952736, 40.5826687962284, 40.5827851933313, 40.5828988477079, 40.5830094709707, 40.5838045567724, 40.5838646601759, 40.5839218629604, 40.5839760804234, 
40.5840272322474, 40.5840752426769, 40.5841200406186, 40.5841655325121, 40.5841744733544, 40.5841800762941, 40.5841823221134, 40.5841812028851, 40.5841767226969, 40.5841688969156, 40.5842823813745, 40.5843932349687, 40.5844089312619, 40.5845097551132, 40.5846199839644, 40.5847205586499, 40.5848101488958, 40.585148045523, 40.5852963821237, 40.5856393852207, 40.5859496822065, 40.5860527649604, 40.586473990428, 40.5865660604433, 40.5873500998477, 40.5874151578892, 40.5880716884433, 40.5881884052596, 
40.588304028666, 40.5884182001655, 40.5885305659076, 40.5886057115305, 40.5886792815076, 40.5887510557985, 40.5888208197848, 40.5888883647735, 40.5889534887428, 40.5888812206905, 40.5873646028832, 40.5871261125329, 40.586990736775, 40.5868418168328, 40.5867616789829, 40.5866667257155, 40.5862999432878, 40.585890966635, 40.5857527048508, 40.5854623376677, 40.5852613773829, 40.585045370353, 40.5856527869307, 40.5843941252305, 40.5838064316348, 40.5836995320924, 40.5836260845047, 40.5833748324564)))"
63016,"list(list(c(-74.1553725965541, -74.1562091438212, -74.1577078096276, -74.1585304355745, -74.1591932230877, -74.1603138446727, -74.1612638615841, -74.1620132380057, -74.1630373430687, -74.1637281242932, -74.164828831363, -74.1656958402033, -74.1657864125923, -74.1637822862616, -74.1634199219283, -74.1634699505785, -74.1634687582006, -74.1634801729706, -74.1634960610448, -74.1635163961256, -74.1635411444264, -74.1636026822521, -74.1626670872358, -74.1623183187634, -74.1620261954349, -74.1618869910464, 
-74.1618994057821, -74.1618020442134, -74.1603088218048, -74.1598882759826, -74.1589167258135, -74.1584322032043, -74.1580026891669, -74.1579582157484, -74.1563656864145, -74.1561030049594, -74.1553725965541, 40.5925973389635, 40.5919503216854, 40.590446956199, 40.5909077935146, 40.5901512649111, 40.5890275270808, 40.5880762249252, 40.5885050720015, 40.5890962949592, 40.5894991619419, 40.5901390870833, 40.5906540116928, 40.5907078038004, 40.5921881469009, 40.5924442346721, 40.5925064365922, 40.5929918705606, 
40.5930756857391, 40.5931590764578, 40.5932419044678, 40.5933240315802, 40.5933741991592, 40.5943227525487, 40.5946872654085, 40.5950045093025, 40.5950071274659, 40.595298771132, 40.5953014483416, 40.59535801115, 40.595191495091, 40.5946296848226, 40.5943596203195, 40.5941202038987, 40.5940870451117, 40.5931951287226, 40.5930474755496, 40.5925973389635)))"
63053,"list(list(c(-74.1224570780149, -74.1233784841488, -74.1242420551212, -74.1244209552247, -74.1251786168651, -74.1249548002119, -74.12589342266, -74.1274689055027, -74.1275914189977, -74.1276562697128, -74.1277157179259, -74.1278356204743, -74.1279480589785, -74.1264888111006, -74.126610816639, -74.1279876066451, -74.1282319434493, -74.1275026451122, -74.1269064581849, -74.1259380758689, -74.124832432999, -74.1238617761153, -74.1228957587409, -74.1227521112294, -74.1227275397691, -74.1225033426063, 
-74.1224834216322, -74.1224570780149, 40.601775173281, 40.601740886338, 40.601718739101, 40.601713071374, 40.6016964715522, 40.6005236391852, 40.6004881972542, 40.6004266920062, 40.60124108921, 40.601636418821, 40.6020237126441, 40.6028782017862, 40.603579134693, 40.6035966702736, 40.6042401040579, 40.6041161435375, 40.6059062195768, 40.6059691303379, 40.6060059007623, 40.606072452438, 40.6061710951128, 40.6062163612465, 40.6062609921845, 40.6044391450523, 40.6040815838359, 40.6034932579651, 40.6029713188764, 
40.601775173281)))"
63054,"list(list(c(-74.1205954634273, -74.1205557676572, -74.1205666878674, -74.1205667112303, -74.1205667813765, -74.1205957220506, -74.1205957808488, -74.1205958748318, -74.1206421906417, -74.120642260967, -74.1206423436326, -74.1207042431533, -74.1214312412367, -74.1223880312639, -74.1222942505616, -74.1225913622568, -74.1228604437944, -74.1229791912244, -74.123415935478, -74.1262849004061, -74.1263862274198, -74.1262337559076, -74.1262293227537, -74.1262424191141, -74.1262730701836, -74.1263209519635, 
-74.1263852851482, -74.1265905535067, -74.1267351847405, -74.127072672722, -74.1273971945069, -74.1277082091926, -74.1277725964691, -74.1278229116817, -74.1278229819836, -74.1278230294278, -74.1278573758538, -74.1278746363396, -74.1278745210482, -74.1278745207716, -74.1278744967629, -74.1278577070762, -74.1277357242274, -74.1277270690597, -74.1277364128293, -74.1277642341681, -74.1278090417577, -74.1278676156482, -74.1290232963809, -74.1290691575815, -74.1291014204563, -74.1291177308863, -74.1291176333896, 
-74.1289058275472, -74.128936799698, -74.1291411543717, -74.1279944422162, -74.1271403242059, -74.1269951661777, -74.126995025057, -74.1269948701119, -74.1268451076332, -74.1268449533473, -74.1268447885478, -74.1266931951166, -74.126692935154, -74.1266926868893, -74.1265419922771, -74.1265418740773, -74.1265417675415, -74.1263945818094, -74.1262001975939, -74.1261414400689, -74.1263918252332, -74.1263919193761, -74.126392013519, -74.1266524778999, -74.1266529734422, -74.1266535041584, -74.1269236341327, 
-74.1269238110431, -74.1269239989388, -74.1272032530442, -74.1272035480631, -74.1272038665916, -74.127491298623, -74.1276017468148, -74.1277204673158, -74.127847315721, -74.1279821377314, -74.128124769467, -74.1282750373423, -74.1284327585445, -74.1285977411863, -74.1286747050413, -74.1287582887945, -74.1288482729064, -74.1289444210211, -74.1290464803864, -74.1291541831539, -74.1292672464095, -74.1293853731539, -74.1295107923331, -74.1296315522261, -74.1297473872713, -74.1298580427339, -74.1299632752657, 
-74.1300628534473, -74.1301565582471, -74.130244183581, -74.1303255367309, -74.1304004387692, -74.1304995191945, -74.1306057050812, -74.130718657999, -74.1308380179438, -74.1309634044851, -74.1310944179788, -74.1312306410452, -74.1313716392602, -74.131516963206, -74.1316661496732, -74.1318187231371, -74.1319741972741, -74.1321031069799, -74.1322307806293, -74.1323567936554, -74.1324807270121, -74.1326021685675, -74.1327207144742, -74.1328359705121, -74.1329475534421, -74.133055092145, -74.1331582289966, 
-74.1332566210079, -74.1333499409661, -74.1334378785221, -74.1335201412232, -74.1335707361344, -74.1336148888883, -74.1336523367217, -74.1336828567689, -74.1337062673883, -74.133722429244, -74.1337312461353, -74.1337326655697, -74.1337265765494, -74.1337129614282, -74.1336919029235, -74.1336635289894, -74.1336280120386, -74.1335054521889, -74.1334967155271, -74.1334966189066, -74.133505163246, -74.1335222697018, -74.1335477803954, -74.1335814598696, -74.1336229972612, -74.1336720091695, -74.133728043195, 
-74.133790582115, -74.1340849478487, -74.1386203558291, -74.1384974423634, -74.1372887949122, -74.1371485827156, -74.1370135373967, -74.1368837395674, -74.1367592667105, -74.1366401931334, -74.1365265901012, -74.1364185252503, -74.1363160631023, -74.1362192648375, -74.1361281882583, -74.1354957199549, -74.1354407406967, -74.1351017678228, -74.1337874963089, -74.1328130646948, -74.132054308671, -74.1312393585208, -74.1311446323828, -74.1310637452294, -74.1309984766731, -74.1309500765475, -74.1309190942559, 
-74.1309285150414, -74.1309882491072, -74.131068843097, -74.1300499341594, -74.1291608753712, -74.1282686344295, -74.1274689055027, -74.12589342266, -74.1249548002119, -74.1251786168651, -74.1244209552247, -74.1242420551212, -74.1233784841488, -74.1224570780149, -74.1215401602337, -74.1205954634273, 40.6018097587415, 40.6010452919486, 40.6009556793009, 40.6009554717076, 40.6009552459721, 40.6008671179896, 40.6008669373313, 40.6008667665203, 40.6007829515936, 40.6007828252026, 40.6007827163893, 40.600705980947, 
40.6006795956733, 40.6006401284037, 40.5996871775188, 40.5994927569872, 40.5990139977065, 40.5988005799039, 40.5980931367693, 40.5934558674346, 40.593146039203, 40.5914722407869, 40.5913205892874, 40.5911683410542, 40.5910172619816, 40.5908691190098, 40.5907255763744, 40.5905587963126, 40.5904412828292, 40.5901481131553, 40.5898465562571, 40.5895371159359, 40.5894548528837, 40.5893653289739, 40.5893652037512, 40.5893650768786, 40.5892703308958, 40.5891727843964, 40.5890753934332, 40.5890752490231, 
40.5890751053095, 40.5889803162056, 40.5877045537171, 40.5876323601288, 40.587558253783, 40.5874861806357, 40.5874200231535, 40.5873629193775, 40.5864013080047, 40.5863496656086, 40.5862910047461, 40.5862286161762, 40.5861662549222, 40.5854170131319, 40.5850140125045, 40.5841641469225, 40.5832271103299, 40.5825291347714, 40.5825002800232, 40.5825002527043, 40.582500235285, 40.5824838402566, 40.5824838228363, 40.5824838230183, 40.5824804066555, 40.5824803970579, 40.5824804149222, 40.582490036867, 
40.5824900457087, 40.5824900640868, 40.5825123425196, 40.5811600947623, 40.5805609314876, 40.5803880168658, 40.5803879536036, 40.5803878903413, 40.5802239779901, 40.5802236623206, 40.5802233559939, 40.5800687257395, 40.5800686267015, 40.5800685271489, 40.5799234676753, 40.5799233147292, 40.5799231612544, 40.5797881791495, 40.5799704782131, 40.5801497292271, 40.5803257140614, 40.5804982185588, 40.5806670329504, 40.5808319516187, 40.5809927738658, 40.5811493039779, 40.5812493161066, 40.5813461903327, 
40.5814396721753, 40.5815295160641, 40.5816154860119, 40.5816973561361, 40.5817749113646, 40.5818479479599, 40.5819214822995, 40.5819994186749, 40.5820815857081, 40.582167802717, 40.5822578801134, 40.5823516198555, 40.582448815791, 40.5825492541845, 40.5826527141698, 40.5827589682349, 40.58285709339, 40.5829507990859, 40.5830397866428, 40.5831237724185, 40.5832024887128, 40.5832756846205, 40.5833431265, 40.5834045997066, 40.5834599082952, 40.58350887597, 40.5835513466464, 40.5835871849486, 40.5836006989495, 
40.5836198557517, 40.5836445916512, 40.5836748243911, 40.5837104534354, 40.5837513603026, 40.5837974089603, 40.5838484463261, 40.5839043026342, 40.5839647921376, 40.5840297136816, 40.5840988513719, 40.5841719752932, 40.5842488422732, 40.5843110699548, 40.5843760859029, 40.5844435032209, 40.5845129207207, 40.5845839253103, 40.5846560944519, 40.5847289986763, 40.5848022041384, 40.5848760445269, 40.5849492989255, 40.5850215221508, 40.5850922752846, 40.5851611283411, 40.5855363949779, 40.5856047147272, 
40.5856733583563, 40.5857416922421, 40.5858090856185, 40.5858749163991, 40.5859385769196, 40.585999479547, 40.5860570621039, 40.5861107930586, 40.5861601764313, 40.5863822837226, 40.5890644396138, 40.5893137052323, 40.5907863158478, 40.5909462820265, 40.5911088112255, 40.5912738064729, 40.5914411693245, 40.5916107999228, 40.5917825971896, 40.5919564584782, 40.5921322800517, 40.5923099570033, 40.5924893833178, 40.5937004679389, 40.593816943096, 40.5945350326747, 40.5963305321609, 40.5972409735899, 
40.5978187057127, 40.5983097487597, 40.5984058892453, 40.5985104235078, 40.5986215425761, 40.5987371516058, 40.598855048154, 40.5990985210468, 40.5995025622142, 40.6001146196392, 40.6002032172582, 40.6002852308722, 40.6003604786688, 40.6004266920062, 40.6004881972542, 40.6005236391852, 40.6016964715522, 40.601713071374, 40.601718739101, 40.601740886338, 40.601775173281, 40.6018158237505, 40.6018097587415)))"
63056,"list(list(c(-74.131068843097, -74.1309882491072, -74.1325070481901, -74.1332485595743, -74.1334283428113, -74.1337647845482, -74.1344543650439, -74.1349831189948, -74.1352282229671, -74.1343384868246, -74.133431672971, -74.1335405368743, -74.133771560416, -74.1338843458408, -74.1339838431513, -74.1338954445166, -74.1339758755274, -74.1330414219908, -74.1324883689735, -74.1320422747864, -74.131946670709, -74.1319089975831, -74.1318953540248, -74.1318906508913, -74.1317739817898, -74.1315682605047, 
-74.1314051823815, -74.1312485501864, -74.1312376087409, -74.1311683667533, -74.1310967837222, -74.131068843097, 40.6001146196392, 40.5995025622142, 40.5996289835136, 40.6001756897432, 40.6003068670326, 40.6005722742679, 40.6011294968366, 40.6015096185431, 40.6034734609468, 40.6035077252706, 40.603581409104, 40.6041717549784, 40.604413997485, 40.6056380943528, 40.6065384706436, 40.6067949608828, 40.607655470752, 40.6076969706072, 40.6077322526408, 40.60775597381, 40.6073422559848, 40.6070196798561, 
40.6067492395364, 40.6066780229031, 40.6055934951263, 40.6037695064988, 40.6025783012752, 40.6014052605639, 40.6013266389926, 40.6008319699904, 40.6003152661173, 40.6001146196392)))"
63068,"list(list(c(-74.1282319434493, -74.1279876066451, -74.126610816639, -74.1264888111006, -74.1279480589785, -74.1278356204743, -74.1277157179259, -74.1276562697128, -74.1275914189977, -74.1274689055027, -74.1282686344295, -74.1291608753712, -74.1300499341594, -74.131068843097, -74.1310967837222, -74.1311683667533, -74.1312376087409, -74.1312485501864, -74.1314051823815, -74.1315682605047, -74.1317739817898, -74.1318906508913, -74.1318953540248, -74.1319089975831, -74.131946670709, -74.1320422747864, 
-74.1320825936755, -74.1321045972245, -74.1321174135115, -74.1321505117482, -74.1309715982424, -74.129864060258, -74.1287871845858, -74.1287693563737, -74.1287589948245, -74.128748974405, -74.1287384001518, -74.1287258609944, -74.12870941139, -74.1285046355679, -74.1282319434493, 40.6059062195768, 40.6041161435375, 40.6042401040579, 40.6035966702736, 40.603579134693, 40.6028782017862, 40.6020237126441, 40.601636418821, 40.60124108921, 40.6004266920062, 40.6003604786688, 40.6002852308722, 40.6002032172582, 
40.6001146196392, 40.6003152661173, 40.6008319699904, 40.6013266389926, 40.6014052605639, 40.6025783012752, 40.6037695064988, 40.6055934951263, 40.6066780229031, 40.6067492395364, 40.6070196798561, 40.6073422559848, 40.60775597381, 40.6080444804406, 40.6081529241063, 40.6082643492902, 40.6085519638808, 40.6086130275609, 40.6086907388772, 40.6087880541591, 40.6086115535028, 40.6084957939066, 40.6083917410325, 40.608288183993, 40.6081580720912, 40.6079794172883, 40.6058821225102, 40.6059062195768)))"
63069,"list(list(c(-74.1167799680435, -74.1167667301406, -74.1167154723667, -74.1166859684152, -74.1166676413655, -74.1171659352397, -74.1178810055332, -74.1174246645393, -74.1183444205437, -74.118396887767, -74.118489424495, -74.1186902032088, -74.1188336226155, -74.1189724688184, -74.1191321659284, -74.1202540553817, -74.1205232867843, -74.1206634278001, -74.1207990310253, -74.1211687988184, -74.1211114720506, -74.1210996431043, -74.1210704818729, -74.1210577112871, -74.1210349555626, -74.1210222533997, 
-74.1210026619791, -74.1209927062588, -74.1209794532971, -74.120969048762, -74.1209594474716, -74.1209489740568, -74.1209205384279, -74.1219264539356, -74.1228957587409, -74.1238617761153, -74.124832432999, -74.1259380758689, -74.1269064581849, -74.1275026451122, -74.1282319434493, -74.1285046355679, -74.12870941139, -74.1287258609944, -74.1287384001518, -74.128748974405, -74.1287589948245, -74.1287693563737, -74.1287871845858, -74.1279010670201, -74.1273382293784, -74.126365558383, -74.1239025424872, 
-74.1230709484591, -74.1226735269065, -74.1214479506588, -74.1215783475842, -74.1204780302843, -74.1199671174976, -74.1197104534058, -74.1186985459371, -74.1183192790103, -74.1175711322454, -74.116835511632, -74.1168138362228, -74.1167799680435, 40.6109920492088, 40.6108822536967, 40.610457078518, 40.6102081324017, 40.6100860849358, 40.6100478458282, 40.6099798013231, 40.6092890094138, 40.6091441262314, 40.6091383738619, 40.6091282254158, 40.609106208647, 40.6090904805829, 40.6090752541325, 40.6090577410782, 
40.6089347043814, 40.608905175984, 40.6088898057427, 40.6088749326354, 40.6088343764639, 40.6082627428059, 40.6081447805648, 40.607853998248, 40.6077266515031, 40.6074997339209, 40.6073730732952, 40.607177718047, 40.6070784480564, 40.606946270427, 40.6068424982226, 40.6067467417774, 40.606642285285, 40.6063586688555, 40.6063045563538, 40.6062609921845, 40.6062163612465, 40.6061710951128, 40.606072452438, 40.6060059007623, 40.6059691303379, 40.6059062195768, 40.6058821225102, 40.6079794172883, 40.6081580720912, 
40.608288183993, 40.6083917410325, 40.6084957939066, 40.6086115535028, 40.6087880541591, 40.6088936116461, 40.6089656931289, 40.6091041864267, 40.6095731678661, 40.6097493517261, 40.6098335483455, 40.6101715458684, 40.6106019563588, 40.6108096768316, 40.6109104753785, 40.6109031069991, 40.611023313516, 40.6110523493468, 40.6112254502025, 40.6114285839814, 40.6112583017959, 40.6109920492088)))"
64038,"list(list(c(-74.0817622557201, -74.0826860305622, -74.0835519701861, -74.0832739802271, -74.0830397855792, -74.0829345143889, -74.0823420321995, -74.0821872925324, -74.0828151607804, -74.0838380251047, -74.0843282129061, -74.0845715339938, -74.0851842167971, -74.0858792057514, -74.0862566693294, -74.0863899297797, -74.0860480997042, -74.0862079344322, -74.0859632399861, -74.0859781383759, -74.0867457974045, -74.0887287277584, -74.0888321501742, -74.0895410853227, -74.090277044876, -74.0904038329535, 
-74.0909158574357, -74.0894423450641, -74.0890473502268, -74.0887604864043, -74.0880418981375, -74.087596326566, -74.0867796709019, -74.0859654732992, -74.0857055683449, -74.0850345523977, -74.0841762465902, -74.0830644666383, -74.0817622557201, 40.6060312224819, 40.6048791890793, 40.603798656752, 40.6034075102405, 40.6030775567835, 40.6029160350048, 40.6020859356683, 40.6019410080454, 40.6019741827769, 40.601925767381, 40.6018726837966, 40.6018224799487, 40.6016370511115, 40.601442617165, 40.6013329806388, 
40.6017272131037, 40.6018126879603, 40.6029142899811, 40.6030451255784, 40.6032156938031, 40.6036610236307, 40.6047986568402, 40.6050161477167, 40.605397257277, 40.6058088677203, 40.6058757137072, 40.6061622602445, 40.6076912878894, 40.60745776535, 40.6072881661746, 40.6068655550906, 40.6073047100474, 40.606978665221, 40.6066830415632, 40.6065941209017, 40.6064594677165, 40.6063116489714, 40.6061543261136, 40.6060312224819)))"
64043,"list(list(c(-74.0597473469352, -74.0597666068764, -74.0598450591735, -74.0605535370299, -74.0613377810323, -74.0621527443259, -74.0638870919133, -74.0650333235618, -74.0656361190917, -74.065723363328, -74.0658003606439, -74.0658516339028, -74.0659147886194, -74.0659849480454, -74.0660550750227, -74.0661181157443, -74.0661692222783, -74.0666092587177, -74.0666255950229, -74.0666672398047, -74.0672841070369, -74.0675147746505, -74.0679522725437, -74.0681458546492, -74.0673387895552, -74.0665661759993, 
-74.0660855451911, -74.0656593997338, -74.0648246483441, -74.064508112876, -74.0640630462841, -74.0638889078977, -74.0631216957564, -74.0635494040835, -74.0638634723756, -74.0634594240579, -74.062534800298, -74.0624820031813, -74.0620555868395, -74.0617388295381, -74.0605601754049, -74.0601736675984, -74.0601338014221, -74.0597473469352, 40.5938486115676, 40.5938352575101, 40.5937805324438, 40.5933797554232, 40.5927154190645, 40.5920250410446, 40.5902074662089, 40.5889909978653, 40.5896281043158, 
40.5896910546973, 40.5897466099364, 40.5897174120285, 40.5896974750061, 40.5896904372048, 40.5896977090664, 40.5897178629441, 40.5897472270525, 40.5902597575255, 40.5903420192014, 40.5903827618046, 40.5909862029432, 40.5913346435751, 40.5920836828604, 40.5924557635726, 40.5928493090087, 40.5932214951212, 40.5938569378898, 40.594154787051, 40.59474757999, 40.5949512503863, 40.5951823479866, 40.5952629960167, 40.5955989914822, 40.5961832301162, 40.5965911059713, 40.5968911096301, 40.5973229940395, 
40.5973476518988, 40.5968490112399, 40.5964112311184, 40.5949115142746, 40.5944060994236, 40.5943539674261, 40.5938486115676)))"
64045,"list(list(c(-74.0887463865131, -74.08796268696, -74.087164216049, -74.0867299710324, -74.0854275624834, -74.084900024461, -74.0840678169856, -74.0835513153578, -74.0834193330828, -74.0828094979745, -74.0815547005766, -74.0777808956554, -74.0765673466939, -74.0758492212917, -74.0755171394412, -74.0754323964844, -74.0747894213574, -74.0739996530804, -74.0735832659811, -74.0733520730081, -74.0729810686872, -74.0726556236738, -74.0723740926279, -74.071975839494, -74.0716051067542, -74.0700036821387, 
-74.0691403098738, -74.0689811828008, -74.0657101809577, -74.0655066319104, -74.0647263827184, -74.0642173402133, -74.0636731893018, -74.0635056566019, -74.0626143125518, -74.0615889909446, -74.060302689717, -74.0598026689265, -74.0593446844095, -74.0589815946935, -74.0580063937754, -74.0577726288551, -74.0575910832345, -74.0575310791479, -74.0574618512532, -74.0546975469056, -74.0540682632965, -74.0535675350434, -74.0535396448011, -74.0532048611937, -74.0531579918663, -74.05311861791, -74.0530869173182, 
-74.0530630333886, -74.0530470740759, -74.0530391115042, -74.053033306882, -74.0530361263613, -74.0530475413754, -74.0530674363451, -74.05309560985, -74.0533185734229, -74.0534169472492, -74.0534275130454, -74.0534293824416, -74.0534225154345, -74.053407059054, -74.0531903352764, -74.0530071791336, -74.0524031956679, -74.0522541191052, -74.0522298309426, -74.0522282688826, -74.0522453179922, -74.0522677927034, -74.0522909929141, -74.0523249485185, -74.0523724578031, -74.0524282733075, -74.0524917895084, 
-74.0526066050153, -74.0527173663353, -74.0527941648545, -74.0528715384339, -74.052910382287, -74.0530228827237, -74.0530972466281, -74.0543411855342, -74.0543115048126, -74.0543364457311, -74.0544742233395, -74.0568113991334, -74.0571936983872, -74.0597269064316, -74.0597473469352, -74.0601338014221, -74.0601736675984, -74.0605601754049, -74.0617388295381, -74.0620555868395, -74.0624820031813, -74.0628959996109, -74.0632995364789, -74.0635794705855, -74.0636262262527, -74.0637593335814, -74.064637408023, 
-74.066038929307, -74.0663445299586, -74.0666559970885, -74.0670945922288, -74.0690631042635, -74.0694292786469, -74.0699847314988, -74.0717708609216, -74.0736225767448, -74.0738721816063, -74.073735157001, -74.0736013547683, -74.0734712293937, -74.0733452228766, -74.0732237632291, -74.0731072630227, -74.0729961179867, -74.0728907056144, -74.0727913840125, -74.0726984905702, -74.072612340846, -74.0725332274956, -74.072461419277, -74.072397160138, -74.0722887098095, -74.0721913929351, -74.0721432595654, 
-74.0721016794503, -74.0720667908409, -74.0720387097453, -74.0720175295423, -74.0720033206709, -74.0719961304646, -74.0719959827692, -74.0720028781053, -74.0720167935793, -74.0720376829596, -74.0720654768296, -74.0724843703054, -74.0719202255565, -74.0717183677191, -74.071393318929, -74.0709790758707, -74.0708879560882, -74.0708877774499, -74.0708876003322, -74.0707902198101, -74.070789983576, -74.0707896998359, -74.0706891525384, -74.0706889270446, -74.0706887267985, -74.0705884147751, -74.0705881310059, 
-74.0705878472003, -74.0704910084435, -74.0703919589547, -74.0703915109882, -74.0703910975769, -74.0702907734748, -74.0702904176519, -74.0702900403346, -74.0701914888378, -74.0701913347873, -74.0701912051546, -74.070098017467, -74.0700978058686, -74.0700975921087, -74.0700128867377, -74.0699390244419, -74.069871863279, -74.0698164918224, -74.0697766631365, -74.0697539475476, -74.0695169483059, -74.0694946804632, -74.0693014273564, -74.0698560009524, -74.0704195217681, -74.0709913395201, -74.0715707672644, 
-74.0721571455057, -74.0727497635517, -74.073347898431, -74.0735716074579, -74.0749717193399, -74.076197886154, -74.0766828665368, -74.0770841326546, -74.0774738308374, -74.0778747910865, -74.07812432455, -74.0783729418645, -74.0786183750851, -74.0788584370118, -74.0790910368795, -74.0792574258537, -74.0794301476055, -74.0796073331621, -74.0797869630987, -74.0799670268174, -74.0817622557201, -74.0830644666383, -74.0841762465902, -74.0850345523977, -74.0857055683449, -74.0859654732992, -74.0867796709019, 
-74.087596326566, -74.0880418981375, -74.0887604864043, -74.0890473502268, -74.0894423450641, -74.0901760189371, -74.0909603607827, -74.090801141386, -74.0905571128267, -74.090454959314, -74.0894937013172, -74.0887463865131, 40.6083700462689, 40.6080518279621, 40.607727602221, 40.6075512701169, 40.6070223905295, 40.6068901320449, 40.6066814853406, 40.6065519863714, 40.6065225086617, 40.6064109785676, 40.6062902965678, 40.6061710088577, 40.6061216641585, 40.6060370708853, 40.6059979505431, 40.6059879668432, 
40.6058702120094, 40.6057255674555, 40.6056210674517, 40.605563044272, 40.6054699303892, 40.605375302209, 40.6052845200756, 40.6051555670309, 40.6050135709124, 40.6043792994778, 40.6040397182276, 40.6039819199692, 40.6027938231671, 40.6027198809324, 40.6024978670958, 40.60235301546, 40.6021981663005, 40.6021500548305, 40.6020144206121, 40.6019090315653, 40.6018238049137, 40.601843531736, 40.6018990887689, 40.6019654719764, 40.6022692283947, 40.6023420360297, 40.6023985804443, 40.602417270227, 40.602439628285, 
40.6033322781411, 40.6035340313413, 40.6036964663261, 40.6036335575672, 40.6020597926971, 40.6019759840671, 40.601889964171, 40.6018021219331, 40.6017128545152, 40.6016225655217, 40.6015316631739, 40.601466470679, 40.6014011635765, 40.601336402973, 40.601272844441, 40.6012111313827, 40.6010105882416, 40.6007022738395, 40.6006574403485, 40.6006119115799, 40.6005666622381, 40.6005226610435, 40.6002811561914, 40.6001604176101, 40.5998694989238, 40.5998511674101, 40.5998238835936, 40.5997761023039, 40.5997480141526, 
40.5997349403435, 40.5997204405266, 40.5997149053203, 40.5997187829208, 40.5997281540148, 40.5997368430715, 40.5998145753706, 40.5998544724489, 40.5998734646548, 40.5998672554671, 40.5998454653316, 40.5997786835976, 40.5997310676285, 40.5988191753368, 40.5987775057602, 40.5987604455301, 40.598755540051, 40.5967269230416, 40.5963950788123, 40.5939082167124, 40.5938486115676, 40.5943539674261, 40.5944060994236, 40.5949115142746, 40.5964112311184, 40.5968490112399, 40.5973476518988, 40.5978622277709, 
40.5983636065895, 40.5986967716819, 40.5987524157589, 40.5989348595218, 40.6001824666607, 40.5997095980688, 40.5996119224101, 40.5995106046384, 40.5993675446795, 40.5987150977153, 40.5985924343311, 40.5984063629667, 40.5978073195781, 40.5972102638012, 40.5976369950925, 40.5976761137252, 40.5977212506461, 40.5977722525408, 40.5978289461737, 40.5978911389759, 40.5979586196987, 40.5980311591319, 40.5981085107139, 40.5981904118704, 40.598276584407, 40.5983667356197, 40.5984605592888, 40.5985577367189, 
40.5986579378213, 40.5988026302084, 40.5989342565957, 40.5990198700509, 40.5991074556918, 40.5991967223568, 40.5992873732946, 40.5993791071509, 40.5994716189704, 40.5995646010969, 40.5996577445327, 40.5997507396335, 40.5998432772466, 40.5999350497392, 40.6000257520205, 40.6014735733, 40.6017141672294, 40.6017864909042, 40.6019181426979, 40.6020793229333, 40.6021088797171, 40.6021089336041, 40.6021089705698, 40.6021280129869, 40.6021280587003, 40.6021280764656, 40.6021356135049, 40.6021356312342, 
40.6021356214731, 40.6021314154909, 40.602131405781, 40.60213136156, 40.6021159227075, 40.602111066939, 40.6021110491202, 40.602111075843, 40.6021178915191, 40.6021179197141, 40.6021179913123, 40.6021366832996, 40.6021367096957, 40.6021367553429, 40.6021666739557, 40.6021667377459, 40.6021668362158, 40.6022065649512, 40.6022333738788, 40.6022725599269, 40.6023222755202, 40.6023791587673, 40.6024390563538, 40.6030245482911, 40.6030861588719, 40.6036251112445, 40.6038587046354, 40.6040805728786, 40.6042904029655, 
40.6044879521158, 40.6046729757015, 40.6048452673358, 40.6050046683988, 40.6050549270497, 40.6052920126178, 40.6054270495623, 40.6054725003172, 40.6055158259837, 40.6055579067728, 40.6056011940342, 40.6056140641489, 40.6056416579776, 40.6056838787379, 40.6057403295667, 40.6058103920785, 40.605863273449, 40.605905254444, 40.6059357209952, 40.6059543543358, 40.6059610555033, 40.6060312224819, 40.6061543261136, 40.6063116489714, 40.6064594677165, 40.6065941209017, 40.6066830415632, 40.606978665221, 
40.6073047100474, 40.6068655550906, 40.6072881661746, 40.60745776535, 40.6076912878894, 40.6081249728084, 40.6086296826367, 40.6087780885203, 40.6090011513416, 40.6090945263766, 40.6086869332583, 40.6083700462689)))"
64046,"list(list(c(-74.0552871969713, -74.0551725101646, -74.055182181695, -74.0551795585468, -74.0551685568995, -74.0551525106076, -74.0551202304094, -74.0550597416179, -74.0538106987138, -74.0537176946205, -74.0536072974086, -74.0536725642038, -74.0540203995897, -74.0538509949876, -74.0537815283146, -74.0537547431987, -74.0536960798506, -74.0536712685173, -74.0535913355606, -74.0535675350434, -74.0540682632965, -74.0546975469056, -74.0574618512532, -74.0575310791479, -74.0575910832345, -74.0577726288551, 
-74.0580063937754, -74.0589815946935, -74.0593446844095, -74.0598026689265, -74.060302689717, -74.0615889909446, -74.0626143125518, -74.0635056566019, -74.0636731893018, -74.0642173402133, -74.0647263827184, -74.0655066319104, -74.0657101809577, -74.0689811828008, -74.0691403098738, -74.0689554938572, -74.0681715907521, -74.0680287256287, -74.0678880234983, -74.067749978518, -74.0676150755146, -74.0674837881681, -74.0673565777258, -74.0672338909747, -74.0671161588175, -74.0672435277401, -74.0670836830778, 
-74.0668767932765, -74.0667433126708, -74.0666702780941, -74.066987786855, -74.0669318105311, -74.0671274752586, -74.0666773438026, -74.0665490191688, -74.0656828224574, -74.065379008482, -74.0647573064567, -74.0644537319705, -74.0638209250331, -74.0637286310379, -74.0636387018018, -74.0635512772865, -74.0634664937234, -74.0633681309928, -74.0632744699161, -74.0631858496378, -74.0631025901248, -74.0629800853736, -74.0628636299486, -74.0627534290491, -74.0626496772775, -74.0625562525665, -74.0615913831812, 
-74.0604810600272, -74.0600506538287, -74.0597739280182, -74.0594924609799, -74.059085843747, -74.0585788123096, -74.0584804297112, -74.0584773650359, -74.0583271148038, -74.0577621977928, -74.0573757032285, -74.0571638387902, -74.0571340360969, -74.057032635894, -74.0569988766926, -74.0569659895738, -74.0568581238048, -74.0567718336783, -74.0567493483023, -74.0566599991888, -74.0564956593677, -74.0564069328707, -74.0560104141092, -74.0555212612237, -74.0554319800416, -74.0553793243408, -74.0552871969713, 
40.6065388900787, 40.6064907673492, 40.6064745668341, 40.6064023354249, 40.6063655462979, 40.6063290458977, 40.6063053617164, 40.6062654209551, 40.6059127188527, 40.6056045815722, 40.6052388099203, 40.6051883438246, 40.6049347199111, 40.6045302744549, 40.6043614229124, 40.6042769314214, 40.6041481038379, 40.604004785905, 40.6037616885517, 40.6036964663261, 40.6035340313413, 40.6033322781411, 40.602439628285, 40.602417270227, 40.6023985804443, 40.6023420360297, 40.6022692283947, 40.6019654719764, 
40.6018990887689, 40.601843531736, 40.6018238049137, 40.6019090315653, 40.6020144206121, 40.6021500548305, 40.6021981663005, 40.60235301546, 40.6024978670958, 40.6027198809324, 40.6027938231671, 40.6039819199692, 40.6040397182276, 40.6040597860003, 40.6040467900038, 40.6040713928549, 40.6041024027479, 40.6041397107743, 40.604183185906, 40.6042326757034, 40.6042880061314, 40.6043489828636, 40.6044153917428, 40.6044510770521, 40.6048310827563, 40.6053708046782, 40.605723302502, 40.6060272971032, 40.6065117200075, 
40.6067188634542, 40.6069867288474, 40.6072020395498, 40.6072630911516, 40.6076262472856, 40.6077531785163, 40.6080082788356, 40.6081293801483, 40.6084558573638, 40.6085001440497, 40.6085471717645, 40.6085968676242, 40.608649153788, 40.6087065204714, 40.608768288871, 40.6088342355522, 40.6089041222546, 40.6090119546118, 40.6091236123586, 40.6092388977854, 40.60935760824, 40.6092373768031, 40.6096569012021, 40.6100803134323, 40.6102641192308, 40.6103822946911, 40.6105012821076, 40.6106336777567, 40.6100486438848, 
40.6100107404537, 40.6099272948089, 40.6097682289797, 40.6093260522096, 40.6089619482392, 40.6087427836062, 40.6086356718202, 40.6084742891963, 40.6083747730916, 40.6082695473219, 40.6080563575452, 40.60789947089, 40.6077987573358, 40.6075559308756, 40.6072476482562, 40.607188737021, 40.6067805666346, 40.6064828925686, 40.6064824910407, 40.6064942235224, 40.6065388900787)))"
64047,"list(list(c(-74.0600775489677, -74.0599011042863, -74.0595330674891, -74.0595031263668, -74.0594756513624, -74.0594513278368, -74.0594307625359, -74.0594144684558, -74.0593386689358, -74.0592702826709, -74.0592097530808, -74.0591574726351, -74.0591137803091, -74.0590226911347, -74.0589216352089, -74.0589013342157, -74.0589274475418, -74.0590456353909, -74.0591233393981, -74.0591221407178, -74.059085843747, -74.0594924609799, -74.0597739280182, -74.0600506538287, -74.0604810600272, -74.0615913831812, 
-74.0625562525665, -74.0626496772775, -74.0627534290491, -74.0628636299486, -74.0629800853736, -74.0631025901248, -74.0631858496378, -74.0632744699161, -74.0633681309928, -74.0634664937234, -74.0635512772865, -74.0636387018018, -74.0637286310379, -74.0638209250331, -74.0644537319705, -74.0647573064567, -74.065379008482, -74.0656828224574, -74.0665490191688, -74.0666773438026, -74.0671274752586, -74.0674264112707, -74.0678507514922, -74.0679064840492, -74.0680931094046, -74.0682411078515, -74.0684506816202, 
-74.0675203152128, -74.0675891111754, -74.0677261693049, -74.0670598821187, -74.0671341051926, -74.0672011926454, -74.0672608827234, -74.0673129428727, -74.0673571695557, -74.067393390194, -74.0669797611799, -74.0662451504263, -74.0655289816881, -74.064753926411, -74.0644428857594, -74.0642548698639, -74.0641803651283, -74.064103568759, -74.0640245016764, -74.0639431851379, -74.0636675862525, -74.0634139755917, -74.0633371279571, -74.0624911678353, -74.0613097431895, -74.0610639891437, -74.0600775489677, 
40.61183017976, 40.6117491735808, 40.6117142540643, 40.6117041249036, 40.6116905295108, 40.611673807022, 40.6116543745788, 40.6116327169214, 40.611564829783, 40.6114925148916, 40.6114162411661, 40.6113365031948, 40.6112538180274, 40.6111523590238, 40.6110560543951, 40.6110022869889, 40.6109383775444, 40.6108896384957, 40.6108222890891, 40.6107384290465, 40.6106336777567, 40.6105012821076, 40.6103822946911, 40.6102641192308, 40.6100803134323, 40.6096569012021, 40.6092373768031, 40.60935760824, 40.6092388977854, 
40.6091236123586, 40.6090119546118, 40.6089041222546, 40.6088342355522, 40.608768288871, 40.6087065204714, 40.608649153788, 40.6085968676242, 40.6085471717645, 40.6085001440497, 40.6084558573638, 40.6081293801483, 40.6080082788356, 40.6077531785163, 40.6076262472856, 40.6072630911516, 40.6072020395498, 40.6069867288474, 40.6073478859203, 40.6078527044888, 40.6079203812907, 40.608129206916, 40.6082964468223, 40.6084757791519, 40.6089180708745, 40.6092938714432, 40.6100658710637, 40.6103548522338, 
40.6104401928013, 40.6105288982759, 40.6106206225955, 40.6107150078158, 40.6108116858519, 40.6109102795276, 40.6111141824578, 40.6114749431187, 40.6118290693168, 40.6122220641428, 40.6118037028003, 40.6115412526082, 40.6114346613114, 40.6113290188866, 40.6112243536544, 40.6111206942781, 40.6107454362227, 40.6103970219402, 40.6103021289736, 40.6107012438675, 40.6112593397045, 40.6113752114447, 40.61183017976)))"
