elect_dist,year,type,office,total_votes,carson_prop,cruz_prop,kasich_prop,trump_prop,carson_tot,cruz_tot,kasich_tot,trump_tot
41080,2016,rep primary,pres,9,0,0.2222222222222222,0.2222222222222222,0.5555555555555556,0,2,2,5
45008,2016,rep primary,pres,26,0,0.19230769230769232,0.15384615384615385,0.6538461538461539,0,5,4,17
45009,2016,rep primary,pres,41,0,0.17073170731707318,0.12195121951219512,0.7073170731707317,0,7,5,29
45010,2016,rep primary,pres,23,0,0.34782608695652173,0.13043478260869565,0.5217391304347826,0,8,3,12
45011,2016,rep primary,pres,36,0,0.2777777777777778,0.05555555555555555,0.6666666666666666,0,10,2,24
45013,2016,rep primary,pres,25,0,0.16,0.04,0.8,0,4,1,20
45014,2016,rep primary,pres,49,0.02040816326530612,0.10204081632653061,0.12244897959183673,0.7551020408163265,1,5,6,37
45015,2016,rep primary,pres,10,0,0.3,0,0.7,0,3,0,7
45016,2016,rep primary,pres,43,0,0.2558139534883721,0.16279069767441862,0.5813953488372093,0,11,7,25
45017,2016,rep primary,pres,39,0,0.20512820512820512,0.1282051282051282,0.6666666666666666,0,8,5,26
45019,2016,rep primary,pres,27,0,0.1111111111111111,0.1111111111111111,0.7777777777777778,0,3,3,21
45020,2016,rep primary,pres,21,0.047619047619047616,0.19047619047619047,0.09523809523809523,0.6666666666666666,1,4,2,14
45021,2016,rep primary,pres,37,0,0.10810810810810811,0.24324324324324326,0.6486486486486487,0,4,9,24
45022,2016,rep primary,pres,40,0.025,0.15,0.1,0.725,1,6,4,29
45023,2016,rep primary,pres,60,0.016666666666666666,0.13333333333333333,0.08333333333333333,0.7666666666666667,1,8,5,46
45026,2016,rep primary,pres,5,0,0,0,1,0,0,0,5
45027,2016,rep primary,pres,24,0,0.20833333333333334,0.041666666666666664,0.75,0,5,1,18
45028,2016,rep primary,pres,16,0,0.125,0.1875,0.6875,0,2,3,11
45029,2016,rep primary,pres,20,0,0.2,0.05,0.75,0,4,1,15
45030,2016,rep primary,pres,36,0,0.1388888888888889,0.1111111111111111,0.75,0,5,4,27
45031,2016,rep primary,pres,42,0,0.07142857142857142,0.11904761904761904,0.8095238095238095,0,3,5,34
45032,2016,rep primary,pres,34,0,0.08823529411764706,0.029411764705882353,0.8823529411764706,0,3,1,30
45033,2016,rep primary,pres,37,0,0.08108108108108109,0.08108108108108109,0.8378378378378378,0,3,3,31
45034,2016,rep primary,pres,35,0,0.08571428571428572,0.05714285714285714,0.8571428571428571,0,3,2,30
45035,2016,rep primary,pres,36,0,0.1388888888888889,0.05555555555555555,0.8055555555555556,0,5,2,29
45036,2016,rep primary,pres,32,0,0.0625,0.0625,0.875,0,2,2,28
45037,2016,rep primary,pres,41,0,0.17073170731707318,0.024390243902439025,0.8048780487804879,0,7,1,33
45038,2016,rep primary,pres,27,0,0.07407407407407407,0.037037037037037035,0.8888888888888888,0,2,1,24
45040,2016,rep primary,pres,48,0,0.125,0.0625,0.8125,0,6,3,39
45041,2016,rep primary,pres,20,0,0.15,0,0.85,0,3,0,17
45042,2016,rep primary,pres,54,0,0.12962962962962962,0.1111111111111111,0.7592592592592593,0,7,6,41
45043,2016,rep primary,pres,42,0,0.11904761904761904,0.09523809523809523,0.7857142857142857,0,5,4,33
45044,2016,rep primary,pres,19,0.05263157894736842,0.10526315789473684,0.05263157894736842,0.7894736842105263,1,2,1,15
45045,2016,rep primary,pres,2,0,0,0.5,0.5,0,0,1,1
45046,2016,rep primary,pres,4,0,0.25,0,0.75,0,1,0,3
45047,2016,rep primary,pres,4,0,0,0,1,0,0,0,4
45048,2016,rep primary,pres,47,0,0.2553191489361702,0.0425531914893617,0.7021276595744681,0,12,2,33
45057,2016,rep primary,pres,37,0,0.08108108108108109,0.05405405405405406,0.8648648648648649,0,3,2,32
45071,2016,rep primary,pres,48,0.020833333333333332,0.20833333333333334,0.0625,0.7083333333333334,1,10,3,34
46031,2016,rep primary,pres,49,0,0.08163265306122448,0.1836734693877551,0.7346938775510204,0,4,9,36
46034,2016,rep primary,pres,27,0,0.1111111111111111,0.07407407407407407,0.8148148148148148,0,3,2,22
46035,2016,rep primary,pres,11,0,0.36363636363636365,0.09090909090909091,0.5454545454545454,0,4,1,6
46036,2016,rep primary,pres,82,0.012195121951219513,0.08536585365853659,0.08536585365853659,0.8170731707317073,1,7,7,67
46037,2016,rep primary,pres,0,NaN,NaN,NaN,NaN,0,0,0,0
46038,2016,rep primary,pres,54,0,0.12962962962962962,0.037037037037037035,0.8333333333333334,0,7,2,45
46039,2016,rep primary,pres,28,0,0.10714285714285714,0.03571428571428571,0.8571428571428571,0,3,1,24
46040,2016,rep primary,pres,9,0,0,0,1,0,0,0,9
46041,2016,rep primary,pres,84,0,0.09523809523809523,0.2619047619047619,0.6428571428571429,0,8,22,54
46042,2016,rep primary,pres,36,0,0.1111111111111111,0.08333333333333333,0.8055555555555556,0,4,3,29
46047,2016,rep primary,pres,93,0.010752688172043012,0.08602150537634409,0.08602150537634409,0.8172043010752689,1,8,8,76
46048,2016,rep primary,pres,42,0.023809523809523808,0.047619047619047616,0.23809523809523808,0.6904761904761905,1,2,10,29
46049,2016,rep primary,pres,51,0,0.09803921568627451,0.1568627450980392,0.7450980392156863,0,5,8,38
46050,2016,rep primary,pres,105,0,0.0380952380952381,0.26666666666666666,0.6952380952380952,0,4,28,73
46051,2016,rep primary,pres,122,0.01639344262295082,0.05737704918032787,0.22131147540983606,0.7049180327868853,2,7,27,86
46052,2016,rep primary,pres,92,0,0.14130434782608695,0.15217391304347827,0.7065217391304348,0,13,14,65
46053,2016,rep primary,pres,78,0.02564102564102564,0.10256410256410256,0.34615384615384615,0.5256410256410257,2,8,27,41
46054,2016,rep primary,pres,47,0.02127659574468085,0.0425531914893617,0.2765957446808511,0.6595744680851063,1,2,13,31
46055,2016,rep primary,pres,41,0,0.0975609756097561,0.14634146341463414,0.7560975609756098,0,4,6,31
46056,2016,rep primary,pres,41,0,0.12195121951219512,0.21951219512195122,0.6585365853658537,0,5,9,27
46057,2016,rep primary,pres,75,0.013333333333333334,0.05333333333333334,0.22666666666666666,0.7066666666666667,1,4,17,53
46058,2016,rep primary,pres,51,0,0.11764705882352941,0.1568627450980392,0.7254901960784313,0,6,8,37
46059,2016,rep primary,pres,47,0.02127659574468085,0.23404255319148937,0.0851063829787234,0.6595744680851063,1,11,4,31
46060,2016,rep primary,pres,109,0.009174311926605505,0.045871559633027525,0.26605504587155965,0.6788990825688074,1,5,29,74
46061,2016,rep primary,pres,88,0,0.10227272727272728,0.18181818181818182,0.7159090909090909,0,9,16,63
46062,2016,rep primary,pres,93,0.010752688172043012,0.0967741935483871,0.1935483870967742,0.6989247311827957,1,9,18,65
46063,2016,rep primary,pres,40,0,0.1,0.2,0.7,0,4,8,28
46064,2016,rep primary,pres,85,0.011764705882352941,0.10588235294117647,0.21176470588235294,0.6705882352941176,1,9,18,57
46065,2016,rep primary,pres,73,0,0.0821917808219178,0.1643835616438356,0.7534246575342466,0,6,12,55
46066,2016,rep primary,pres,40,0,0,0.075,0.925,0,0,3,37
46067,2016,rep primary,pres,117,0,0.10256410256410256,0.11965811965811966,0.7777777777777778,0,12,14,91
46068,2016,rep primary,pres,96,0,0.0625,0.28125,0.65625,0,6,27,63
46069,2016,rep primary,pres,91,0.01098901098901099,0.0989010989010989,0.13186813186813187,0.7582417582417582,1,9,12,69
46070,2016,rep primary,pres,93,0,0.10752688172043011,0.07526881720430108,0.8172043010752689,0,10,7,76
46071,2016,rep primary,pres,89,0.011235955056179775,0.0449438202247191,0.21348314606741572,0.7303370786516854,1,4,19,65
46072,2016,rep primary,pres,86,0,0.10465116279069768,0.16279069767441862,0.7325581395348837,0,9,14,63
46074,2016,rep primary,pres,19,0,0.15789473684210525,0.21052631578947367,0.631578947368421,0,3,4,12
46075,2016,rep primary,pres,0,NaN,NaN,NaN,NaN,0,0,0,0
46078,2016,rep primary,pres,69,0.014492753623188406,0.18840579710144928,0.18840579710144928,0.6086956521739131,1,13,13,42
46079,2016,rep primary,pres,118,0.00847457627118644,0.03389830508474576,0.11016949152542373,0.847457627118644,1,4,13,100
47001,2016,rep primary,pres,65,0.015384615384615385,0.12307692307692308,0.18461538461538463,0.676923076923077,1,8,12,44
47002,2016,rep primary,pres,63,0.015873015873015872,0.15873015873015872,0.19047619047619047,0.6349206349206349,1,10,12,40
47005,2016,rep primary,pres,44,0.022727272727272728,0.06818181818181818,0.06818181818181818,0.8409090909090909,1,3,3,37
47006,2016,rep primary,pres,37,0,0.16216216216216217,0.16216216216216217,0.6756756756756757,0,6,6,25
47007,2016,rep primary,pres,43,0,0.023255813953488372,0.23255813953488372,0.7441860465116279,0,1,10,32
47008,2016,rep primary,pres,33,0,0.15151515151515152,0.06060606060606061,0.7878787878787878,0,5,2,26
47009,2016,rep primary,pres,48,0,0.020833333333333332,0.16666666666666666,0.8125,0,1,8,39
47011,2016,rep primary,pres,28,0.03571428571428571,0.07142857142857142,0.03571428571428571,0.8571428571428571,1,2,1,24
47012,2016,rep primary,pres,24,0,0.16666666666666666,0.125,0.7083333333333334,0,4,3,17
47013,2016,rep primary,pres,30,0,0.1,0.03333333333333333,0.8666666666666667,0,3,1,26
47014,2016,rep primary,pres,47,0,0.10638297872340426,0.1702127659574468,0.723404255319149,0,5,8,34
47015,2016,rep primary,pres,21,0,0.14285714285714285,0.047619047619047616,0.8095238095238095,0,3,1,17
47016,2016,rep primary,pres,25,0,0.04,0.08,0.88,0,1,2,22
47017,2016,rep primary,pres,18,0,0.05555555555555555,0.1111111111111111,0.8333333333333334,0,1,2,15
47018,2016,rep primary,pres,44,0,0.3181818181818182,0.1590909090909091,0.5227272727272727,0,14,7,23
47019,2016,rep primary,pres,6,0,0,0.16666666666666666,0.8333333333333334,0,0,1,5
47032,2016,rep primary,pres,3,0,0.3333333333333333,0,0.6666666666666666,0,1,0,2
47038,2016,rep primary,pres,13,0,0,0.15384615384615385,0.8461538461538461,0,0,2,11
47041,2016,rep primary,pres,31,0,0.12903225806451613,0.0967741935483871,0.7741935483870968,0,4,3,24
47048,2016,rep primary,pres,56,0.017857142857142856,0.07142857142857142,0.017857142857142856,0.8928571428571429,1,4,1,50
47049,2016,rep primary,pres,54,0,0.1111111111111111,0.05555555555555555,0.8333333333333334,0,6,3,45
47053,2016,rep primary,pres,0,NaN,NaN,NaN,NaN,0,0,0,0
47054,2016,rep primary,pres,2,0,0,0,1,0,0,0,2
47055,2016,rep primary,pres,37,0,0.13513513513513514,0.08108108108108109,0.7837837837837838,0,5,3,29
47056,2016,rep primary,pres,28,0,0,0.07142857142857142,0.9285714285714286,0,0,2,26
47057,2016,rep primary,pres,51,0,0.058823529411764705,0.11764705882352941,0.8235294117647058,0,3,6,42
47058,2016,rep primary,pres,45,0,0.06666666666666667,0.08888888888888889,0.8444444444444444,0,3,4,38
47059,2016,rep primary,pres,60,0,0.1,0.11666666666666667,0.7833333333333333,0,6,7,47
47060,2016,rep primary,pres,7,0,0.2857142857142857,0.14285714285714285,0.5714285714285714,0,2,1,4
47061,2016,rep primary,pres,26,0,0.038461538461538464,0.07692307692307693,0.8846153846153846,0,1,2,23
47062,2016,rep primary,pres,33,0,0.09090909090909091,0.15151515151515152,0.7575757575757576,0,3,5,25
47063,2016,rep primary,pres,42,0,0.11904761904761904,0.09523809523809523,0.7857142857142857,0,5,4,33
47064,2016,rep primary,pres,23,0.043478260869565216,0.17391304347826086,0.043478260869565216,0.7391304347826086,1,4,1,17
47065,2016,rep primary,pres,36,0,0.05555555555555555,0.027777777777777776,0.9166666666666666,0,2,1,33
47066,2016,rep primary,pres,12,0,0.08333333333333333,0.16666666666666666,0.75,0,1,2,9
47067,2016,rep primary,pres,18,0,0.1111111111111111,0.16666666666666666,0.7222222222222222,0,2,3,13
47068,2016,rep primary,pres,5,0,0,0.2,0.8,0,0,1,4
49036,2016,rep primary,pres,11,0.2727272727272727,0.09090909090909091,0,0.6363636363636364,3,1,0,7
49044,2016,rep primary,pres,17,0,0.11764705882352941,0.23529411764705882,0.6470588235294118,0,2,4,11
49045,2016,rep primary,pres,10,0,0.1,0,0.9,0,1,0,9
49047,2016,rep primary,pres,26,0,0.07692307692307693,0.34615384615384615,0.5769230769230769,0,2,9,15
49048,2016,rep primary,pres,57,0,0.03508771929824561,0.17543859649122806,0.7894736842105263,0,2,10,45
49049,2016,rep primary,pres,52,0,0.11538461538461539,0.1346153846153846,0.75,0,6,7,39
49050,2016,rep primary,pres,41,0.024390243902439025,0.12195121951219512,0.12195121951219512,0.7317073170731707,1,5,5,30
49051,2016,rep primary,pres,47,0,0.0851063829787234,0.1702127659574468,0.7446808510638298,0,4,8,35
49052,2016,rep primary,pres,64,0,0.109375,0.09375,0.796875,0,7,6,51
49053,2016,rep primary,pres,76,0,0.09210526315789473,0.10526315789473684,0.8026315789473685,0,7,8,61
49054,2016,rep primary,pres,55,0,0.01818181818181818,0.12727272727272726,0.8545454545454545,0,1,7,47
49063,2016,rep primary,pres,59,0,0.03389830508474576,0.22033898305084745,0.7457627118644068,0,2,13,44
49065,2016,rep primary,pres,0,NaN,NaN,NaN,NaN,0,0,0,0
51059,2016,rep primary,pres,36,0.05555555555555555,0.05555555555555555,0.16666666666666666,0.7222222222222222,2,2,6,26
61001,2016,rep primary,pres,28,0.03571428571428571,0.21428571428571427,0.32142857142857145,0.42857142857142855,1,6,9,12
61002,2016,rep primary,pres,7,0.14285714285714285,0.14285714285714285,0,0.7142857142857143,1,1,0,5
61003,2016,rep primary,pres,39,0,0.28205128205128205,0.07692307692307693,0.6410256410256411,0,11,3,25
61004,2016,rep primary,pres,52,0,0.19230769230769232,0.11538461538461539,0.6923076923076923,0,10,6,36
61005,2016,rep primary,pres,7,0,0.14285714285714285,0.2857142857142857,0.5714285714285714,0,1,2,4
61006,2016,rep primary,pres,39,0.02564102564102564,0.28205128205128205,0.1794871794871795,0.5128205128205128,1,11,7,20
61007,2016,rep primary,pres,5,0,0,0.2,0.8,0,0,1,4
61008,2016,rep primary,pres,9,0.1111111111111111,0.1111111111111111,0,0.7777777777777778,1,1,0,7
61009,2016,rep primary,pres,41,0.0975609756097561,0.2682926829268293,0.1951219512195122,0.43902439024390244,4,11,8,18
61010,2016,rep primary,pres,25,0,0.24,0.12,0.64,0,6,3,16
61011,2016,rep primary,pres,34,0,0.058823529411764705,0.17647058823529413,0.7647058823529411,0,2,6,26
61012,2016,rep primary,pres,113,0,0.061946902654867256,0.23893805309734514,0.6991150442477876,0,7,27,79
61013,2016,rep primary,pres,34,0,0.23529411764705882,0.11764705882352941,0.6470588235294118,0,8,4,22
61014,2016,rep primary,pres,54,0,0.24074074074074073,0.037037037037037035,0.7222222222222222,0,13,2,39
61015,2016,rep primary,pres,67,0,0.07462686567164178,0.1791044776119403,0.746268656716418,0,5,12,50
61016,2016,rep primary,pres,15,0.06666666666666667,0.4,0,0.5333333333333333,1,6,0,8
61017,2016,rep primary,pres,21,0.047619047619047616,0.23809523809523808,0.19047619047619047,0.5238095238095238,1,5,4,11
61018,2016,rep primary,pres,52,0,0.17307692307692307,0.25,0.5769230769230769,0,9,13,30
61019,2016,rep primary,pres,40,0,0.15,0.05,0.8,0,6,2,32
61020,2016,rep primary,pres,47,0,0.14893617021276595,0.0851063829787234,0.7659574468085106,0,7,4,36
61021,2016,rep primary,pres,16,0,0.25,0.0625,0.6875,0,4,1,11
61022,2016,rep primary,pres,22,0.045454545454545456,0.13636363636363635,0.13636363636363635,0.6818181818181818,1,3,3,15
61023,2016,rep primary,pres,50,0,0.1,0.16,0.74,0,5,8,37
61024,2016,rep primary,pres,115,0.008695652173913044,0.13043478260869565,0.09565217391304348,0.7652173913043478,1,15,11,88
61025,2016,rep primary,pres,49,0,0.02040816326530612,0.12244897959183673,0.8571428571428571,0,1,6,42
61026,2016,rep primary,pres,22,0,0.13636363636363635,0.18181818181818182,0.6818181818181818,0,3,4,15
61027,2016,rep primary,pres,39,0.05128205128205128,0.07692307692307693,0.02564102564102564,0.8461538461538461,2,3,1,33
61028,2016,rep primary,pres,32,0,0.25,0.0625,0.6875,0,8,2,22
61029,2016,rep primary,pres,68,0,0.08823529411764706,0.11764705882352941,0.7941176470588235,0,6,8,54
61030,2016,rep primary,pres,43,0,0.13953488372093023,0.046511627906976744,0.813953488372093,0,6,2,35
61031,2016,rep primary,pres,26,0.038461538461538464,0.15384615384615385,0.15384615384615385,0.6538461538461539,1,4,4,17
61032,2016,rep primary,pres,18,0,0.2777777777777778,0.1111111111111111,0.6111111111111112,0,5,2,11
61033,2016,rep primary,pres,7,0.14285714285714285,0.2857142857142857,0,0.5714285714285714,1,2,0,4
61034,2016,rep primary,pres,108,0,0.12962962962962962,0.046296296296296294,0.8240740740740741,0,14,5,89
61035,2016,rep primary,pres,117,0.008547008547008548,0.1111111111111111,0.07692307692307693,0.8034188034188035,1,13,9,94
61036,2016,rep primary,pres,52,0,0.057692307692307696,0.07692307692307693,0.8653846153846154,0,3,4,45
61037,2016,rep primary,pres,60,0.05,0.16666666666666666,0.16666666666666666,0.6166666666666667,3,10,10,37
61038,2016,rep primary,pres,108,0.009259259259259259,0.14814814814814814,0.17592592592592593,0.6666666666666666,1,16,19,72
61039,2016,rep primary,pres,97,0,0.13402061855670103,0.20618556701030927,0.6597938144329897,0,13,20,64
61040,2016,rep primary,pres,132,0,0.06060606060606061,0.2803030303030303,0.6590909090909091,0,8,37,87
61041,2016,rep primary,pres,141,0.014184397163120567,0.07801418439716312,0.12056737588652482,0.7872340425531915,2,11,17,111
61042,2016,rep primary,pres,144,0,0.06944444444444445,0.13194444444444445,0.7986111111111112,0,10,19,115
61043,2016,rep primary,pres,95,0,0.1368421052631579,0.17894736842105263,0.6842105263157895,0,13,17,65
61044,2016,rep primary,pres,92,0,0.10869565217391304,0.14130434782608695,0.75,0,10,13,69
61045,2016,rep primary,pres,91,0.01098901098901099,0.15384615384615385,0.10989010989010989,0.7252747252747253,1,14,10,66
61046,2016,rep primary,pres,118,0,0.0847457627118644,0.09322033898305085,0.8220338983050848,0,10,11,97
61047,2016,rep primary,pres,99,0.010101010101010102,0.06060606060606061,0.1111111111111111,0.8181818181818182,1,6,11,81
61048,2016,rep primary,pres,103,0,0.06796116504854369,0.10679611650485436,0.8252427184466019,0,7,11,85
61049,2016,rep primary,pres,41,0,0.14634146341463414,0.14634146341463414,0.7073170731707317,0,6,6,29
61050,2016,rep primary,pres,20,0,0.05,0.25,0.7,0,1,5,14
61051,2016,rep primary,pres,53,0.018867924528301886,0.18867924528301888,0.1509433962264151,0.6415094339622641,1,10,8,34
61052,2016,rep primary,pres,62,0,0.0967741935483871,0.11290322580645161,0.7903225806451613,0,6,7,49
61053,2016,rep primary,pres,6,0,0.16666666666666666,0.3333333333333333,0.5,0,1,2,3
61054,2016,rep primary,pres,16,0,0,0.1875,0.8125,0,0,3,13
61055,2016,rep primary,pres,7,0.14285714285714285,0,0.14285714285714285,0.7142857142857143,1,0,1,5
61056,2016,rep primary,pres,23,0.043478260869565216,0.043478260869565216,0.17391304347826086,0.7391304347826086,1,1,4,17
61057,2016,rep primary,pres,53,0,0.16981132075471697,0.18867924528301888,0.6415094339622641,0,9,10,34
61058,2016,rep primary,pres,2,0,0,0,1,0,0,0,2
61059,2016,rep primary,pres,6,0.16666666666666666,0.5,0.3333333333333333,0,1,3,2,0
61060,2016,rep primary,pres,32,0.03125,0.34375,0.03125,0.59375,1,11,1,19
61061,2016,rep primary,pres,2,0,0.5,0,0.5,0,1,0,1
61062,2016,rep primary,pres,66,0,0.06060606060606061,0.10606060606060606,0.8333333333333334,0,4,7,55
61063,2016,rep primary,pres,23,0,0.043478260869565216,0.13043478260869565,0.8260869565217391,0,1,3,19
61064,2016,rep primary,pres,19,0,0.10526315789473684,0.21052631578947367,0.6842105263157895,0,2,4,13
61065,2016,rep primary,pres,17,0,0.058823529411764705,0.11764705882352941,0.8235294117647058,0,1,2,14
61066,2016,rep primary,pres,0,NaN,NaN,NaN,NaN,0,0,0,0
61067,2016,rep primary,pres,0,NaN,NaN,NaN,NaN,0,0,0,0
61068,2016,rep primary,pres,0,NaN,NaN,NaN,NaN,0,0,0,0
61069,2016,rep primary,pres,14,0,0.14285714285714285,0.07142857142857142,0.7857142857142857,0,2,1,11
61070,2016,rep primary,pres,3,0,0.6666666666666666,0.3333333333333333,0,0,2,1,0
62001,2016,rep primary,pres,215,0,0.027906976744186046,0.05116279069767442,0.9209302325581395,0,6,11,198
62002,2016,rep primary,pres,220,0.013636363636363636,0.07727272727272727,0.13636363636363635,0.7727272727272727,3,17,30,170
62003,2016,rep primary,pres,171,0,0.05263157894736842,0.07017543859649122,0.8771929824561403,0,9,12,150
62004,2016,rep primary,pres,153,0.013071895424836602,0.06535947712418301,0.11764705882352941,0.803921568627451,2,10,18,123
62005,2016,rep primary,pres,218,0,0.03211009174311927,0.05963302752293578,0.908256880733945,0,7,13,198
62006,2016,rep primary,pres,128,0.0078125,0.0703125,0.1015625,0.8203125,1,9,13,105
62007,2016,rep primary,pres,132,0,0.11363636363636363,0.07575757575757576,0.8106060606060606,0,15,10,107
62008,2016,rep primary,pres,191,0,0.05759162303664921,0.11518324607329843,0.8272251308900523,0,11,22,158
62009,2016,rep primary,pres,99,0.010101010101010102,0.06060606060606061,0.0707070707070707,0.8585858585858586,1,6,7,85
62010,2016,rep primary,pres,95,0,0.06315789473684211,0.031578947368421054,0.9052631578947369,0,6,3,86
62011,2016,rep primary,pres,164,0,0.06097560975609756,0.1524390243902439,0.7865853658536586,0,10,25,129
62012,2016,rep primary,pres,138,0.007246376811594203,0.043478260869565216,0.07971014492753623,0.8695652173913043,1,6,11,120
62013,2016,rep primary,pres,175,0,0.03428571428571429,0.10857142857142857,0.8571428571428571,0,6,19,150
62014,2016,rep primary,pres,129,0,0.03875968992248062,0.06201550387596899,0.8992248062015504,0,5,8,116
62015,2016,rep primary,pres,129,0.015503875968992248,0.031007751937984496,0.06976744186046512,0.8837209302325582,2,4,9,114
62016,2016,rep primary,pres,110,0,0.09090909090909091,0.10909090909090909,0.8,0,10,12,88
62017,2016,rep primary,pres,165,0,0.09696969696969697,0.09696969696969697,0.806060606060606,0,16,16,133
62018,2016,rep primary,pres,159,0,0.03773584905660377,0.05660377358490566,0.9056603773584906,0,6,9,144
62019,2016,rep primary,pres,180,0.005555555555555556,0.03888888888888889,0.07777777777777778,0.8777777777777778,1,7,14,158
62020,2016,rep primary,pres,153,0,0.0392156862745098,0.05228758169934641,0.9084967320261438,0,6,8,139
62021,2016,rep primary,pres,181,0,0.06077348066298342,0.0718232044198895,0.8674033149171271,0,11,13,157
62022,2016,rep primary,pres,183,0.00546448087431694,0.07103825136612021,0.03825136612021858,0.8852459016393442,1,13,7,162
62023,2016,rep primary,pres,170,0,0.08235294117647059,0.07058823529411765,0.8470588235294118,0,14,12,144
62024,2016,rep primary,pres,92,0,0.08695652173913043,0.10869565217391304,0.8043478260869565,0,8,10,74
62025,2016,rep primary,pres,181,0,0.055248618784530384,0.06077348066298342,0.8839779005524862,0,10,11,160
62026,2016,rep primary,pres,97,0,0.09278350515463918,0.17525773195876287,0.7319587628865979,0,9,17,71
62027,2016,rep primary,pres,165,0,0.06060606060606061,0.06666666666666667,0.8727272727272727,0,10,11,144
62028,2016,rep primary,pres,154,0,0.03896103896103896,0.07792207792207792,0.8831168831168831,0,6,12,136
62029,2016,rep primary,pres,110,0.01818181818181818,0.06363636363636363,0.01818181818181818,0.9,2,7,2,99
62030,2016,rep primary,pres,199,0.005025125628140704,0.04020100502512563,0.04020100502512563,0.914572864321608,1,8,8,182
62031,2016,rep primary,pres,154,0.006493506493506494,0.07792207792207792,0.12337662337662338,0.7922077922077922,1,12,19,122
62032,2016,rep primary,pres,173,0.005780346820809248,0.05202312138728324,0.09826589595375723,0.8439306358381503,1,9,17,146
62033,2016,rep primary,pres,171,0.005847953216374269,0.04093567251461988,0.07017543859649122,0.8830409356725146,1,7,12,151
62034,2016,rep primary,pres,184,0,0.07065217391304347,0.07608695652173914,0.8532608695652174,0,13,14,157
62035,2016,rep primary,pres,211,0,0.04265402843601896,0.07109004739336493,0.8862559241706162,0,9,15,187
62036,2016,rep primary,pres,176,0,0.0625,0.13636363636363635,0.8011363636363636,0,11,24,141
62037,2016,rep primary,pres,194,0,0.05154639175257732,0.0979381443298969,0.8505154639175257,0,10,19,165
62038,2016,rep primary,pres,161,0,0.049689440993788817,0.09937888198757763,0.8509316770186336,0,8,16,137
62039,2016,rep primary,pres,203,0.009852216748768473,0.06896551724137931,0.08866995073891626,0.8325123152709359,2,14,18,169
62040,2016,rep primary,pres,149,0,0.04697986577181208,0.12080536912751678,0.8322147651006712,0,7,18,124
62041,2016,rep primary,pres,176,0,0.05113636363636364,0.056818181818181816,0.8920454545454546,0,9,10,157
62042,2016,rep primary,pres,167,0.011976047904191617,0.017964071856287425,0.023952095808383235,0.9461077844311377,2,3,4,158
62043,2016,rep primary,pres,147,0,0.05442176870748299,0.1292517006802721,0.8163265306122449,0,8,19,120
62044,2016,rep primary,pres,176,0.005681818181818182,0.07386363636363637,0.07386363636363637,0.8465909090909091,1,13,13,149
62045,2016,rep primary,pres,143,0,0.04195804195804196,0.06293706293706294,0.8951048951048951,0,6,9,128
62046,2016,rep primary,pres,157,0,0.044585987261146494,0.12101910828025478,0.8343949044585988,0,7,19,131
62047,2016,rep primary,pres,149,0,0.053691275167785234,0.06040268456375839,0.8859060402684564,0,8,9,132
62048,2016,rep primary,pres,152,0.013157894736842105,0.03289473684210526,0.05263157894736842,0.9013157894736842,2,5,8,137
62049,2016,rep primary,pres,156,0.00641025641025641,0.038461538461538464,0.057692307692307696,0.8974358974358975,1,6,9,140
62050,2016,rep primary,pres,160,0.00625,0.0375,0.15,0.80625,1,6,24,129
62051,2016,rep primary,pres,119,0.008403361344537815,0.10084033613445378,0.13445378151260504,0.7563025210084033,1,12,16,90
62052,2016,rep primary,pres,156,0,0.08974358974358974,0.0641025641025641,0.8461538461538461,0,14,10,132
62053,2016,rep primary,pres,138,0,0.050724637681159424,0.08695652173913043,0.8623188405797102,0,7,12,119
62054,2016,rep primary,pres,154,0,0.025974025974025976,0.08441558441558442,0.8896103896103896,0,4,13,137
62055,2016,rep primary,pres,144,0,0.1111111111111111,0.1527777777777778,0.7361111111111112,0,16,22,106
62056,2016,rep primary,pres,130,0,0.015384615384615385,0.14615384615384616,0.8384615384615385,0,2,19,109
62057,2016,rep primary,pres,143,0,0.04895104895104895,0.07692307692307693,0.8741258741258742,0,7,11,125
62058,2016,rep primary,pres,189,0,0.06878306878306878,0.0582010582010582,0.873015873015873,0,13,11,165
62059,2016,rep primary,pres,81,0,0.07407407407407407,0.08641975308641975,0.8395061728395061,0,6,7,68
62060,2016,rep primary,pres,77,0,0.03896103896103896,0.05194805194805195,0.9090909090909091,0,3,4,70
62061,2016,rep primary,pres,91,0,0.10989010989010989,0.0989010989010989,0.7912087912087912,0,10,9,72
62062,2016,rep primary,pres,92,0,0.043478260869565216,0.08695652173913043,0.8695652173913043,0,4,8,80
62063,2016,rep primary,pres,53,0,0.018867924528301886,0.09433962264150944,0.8867924528301887,0,1,5,47
62064,2016,rep primary,pres,66,0,0.09090909090909091,0.18181818181818182,0.7272727272727273,0,6,12,48
62065,2016,rep primary,pres,233,0.004291845493562232,0.03862660944206009,0.13304721030042918,0.8240343347639485,1,9,31,192
62066,2016,rep primary,pres,206,0.019417475728155338,0.08737864077669903,0.0825242718446602,0.8106796116504854,4,18,17,167
62067,2016,rep primary,pres,149,0.013422818791946308,0.053691275167785234,0.0738255033557047,0.8590604026845637,2,8,11,128
62068,2016,rep primary,pres,136,0,0.08823529411764706,0.16176470588235295,0.75,0,12,22,102
62069,2016,rep primary,pres,109,0,0.05504587155963303,0.11926605504587157,0.8256880733944955,0,6,13,90
62070,2016,rep primary,pres,72,0,0.08333333333333333,0.06944444444444445,0.8472222222222222,0,6,5,61
62071,2016,rep primary,pres,212,0.009433962264150943,0.09905660377358491,0.08490566037735849,0.8066037735849056,2,21,18,171
62072,2016,rep primary,pres,178,0,0.06179775280898876,0.14606741573033707,0.7921348314606742,0,11,26,141
62073,2016,rep primary,pres,165,0,0.04242424242424243,0.10303030303030303,0.8545454545454545,0,7,17,141
62074,2016,rep primary,pres,0,NaN,NaN,NaN,NaN,0,0,0,0
62076,2016,rep primary,pres,101,0,0.1188118811881188,0.0297029702970297,0.8514851485148515,0,12,3,86
63001,2016,rep primary,pres,99,0,0.12121212121212122,0.1111111111111111,0.7676767676767676,0,12,11,76
63002,2016,rep primary,pres,49,0,0.02040816326530612,0.16326530612244897,0.8163265306122449,0,1,8,40
63003,2016,rep primary,pres,61,0,0.11475409836065574,0.08196721311475409,0.8032786885245902,0,7,5,49
63004,2016,rep primary,pres,99,0,0.06060606060606061,0.0707070707070707,0.8686868686868687,0,6,7,86
63005,2016,rep primary,pres,85,0,0.03529411764705882,0.07058823529411765,0.8941176470588236,0,3,6,76
63006,2016,rep primary,pres,117,0,0.06837606837606838,0.09401709401709402,0.8376068376068376,0,8,11,98
63007,2016,rep primary,pres,64,0,0.0625,0.125,0.8125,0,4,8,52
63008,2016,rep primary,pres,65,0,0.03076923076923077,0.07692307692307693,0.8923076923076924,0,2,5,58
63009,2016,rep primary,pres,11,0,0,0,1,0,0,0,11
63010,2016,rep primary,pres,44,0,0.13636363636363635,0.18181818181818182,0.6818181818181818,0,6,8,30
63011,2016,rep primary,pres,97,0.010309278350515464,0.1134020618556701,0.09278350515463918,0.7835051546391752,1,11,9,76
63012,2016,rep primary,pres,98,0.01020408163265306,0.05102040816326531,0.11224489795918367,0.826530612244898,1,5,11,81
63013,2016,rep primary,pres,80,0,0.1,0.1,0.8,0,8,8,64
63014,2016,rep primary,pres,79,0.012658227848101266,0.12658227848101267,0.0759493670886076,0.7848101265822784,1,10,6,62
63015,2016,rep primary,pres,73,0,0.0547945205479452,0.1232876712328767,0.821917808219178,0,4,9,60
63016,2016,rep primary,pres,64,0,0.078125,0.0625,0.859375,0,5,4,55
63017,2016,rep primary,pres,31,0,0.16129032258064516,0.12903225806451613,0.7096774193548387,0,5,4,22
63018,2016,rep primary,pres,155,0.0064516129032258064,0.06451612903225806,0.07741935483870968,0.8516129032258064,1,10,12,132
63019,2016,rep primary,pres,54,0,0.12962962962962962,0.09259259259259259,0.7777777777777778,0,7,5,42
63020,2016,rep primary,pres,100,0.01,0.06,0.14,0.79,1,6,14,79
63021,2016,rep primary,pres,125,0.008,0.072,0.032,0.888,1,9,4,111
63022,2016,rep primary,pres,82,0,0.10975609756097561,0.07317073170731707,0.8170731707317073,0,9,6,67
63023,2016,rep primary,pres,62,0.016129032258064516,0.06451612903225806,0.08064516129032258,0.8387096774193549,1,4,5,52
63024,2016,rep primary,pres,98,0,0.07142857142857142,0.09183673469387756,0.8367346938775511,0,7,9,82
63025,2016,rep primary,pres,68,0.014705882352941176,0.3088235294117647,0.10294117647058823,0.5735294117647058,1,21,7,39
63026,2016,rep primary,pres,81,0.012345679012345678,0.30864197530864196,0.16049382716049382,0.5185185185185185,1,25,13,42
63027,2016,rep primary,pres,78,0,0.05128205128205128,0.15384615384615385,0.7948717948717948,0,4,12,62
63028,2016,rep primary,pres,144,0,0.06944444444444445,0.06944444444444445,0.8611111111111112,0,10,10,124
63029,2016,rep primary,pres,120,0.016666666666666666,0.058333333333333334,0.041666666666666664,0.8833333333333333,2,7,5,106
63030,2016,rep primary,pres,77,0.025974025974025976,0.07792207792207792,0.11688311688311688,0.7792207792207793,2,6,9,60
63031,2016,rep primary,pres,93,0.021505376344086023,0.06451612903225806,0.11827956989247312,0.7956989247311828,2,6,11,74
63032,2016,rep primary,pres,122,0,0.10655737704918032,0.08196721311475409,0.8114754098360656,0,13,10,99
63033,2016,rep primary,pres,122,0.00819672131147541,0.06557377049180328,0.07377049180327869,0.8524590163934426,1,8,9,104
63034,2016,rep primary,pres,63,0,0.12698412698412698,0.031746031746031744,0.8412698412698413,0,8,2,53
63035,2016,rep primary,pres,126,0,0.1349206349206349,0.18253968253968253,0.6825396825396826,0,17,23,86
63036,2016,rep primary,pres,106,0,0.12264150943396226,0.12264150943396226,0.7547169811320755,0,13,13,80
63037,2016,rep primary,pres,54,0,0.18518518518518517,0.037037037037037035,0.7777777777777778,0,10,2,42
63038,2016,rep primary,pres,42,0,0.14285714285714285,0.16666666666666666,0.6904761904761905,0,6,7,29
63039,2016,rep primary,pres,33,0,0.030303030303030304,0.18181818181818182,0.7878787878787878,0,1,6,26
63040,2016,rep primary,pres,18,0.05555555555555555,0.1111111111111111,0.05555555555555555,0.7777777777777778,1,2,1,14
63041,2016,rep primary,pres,7,0,0.42857142857142855,0.14285714285714285,0.42857142857142855,0,3,1,3
63042,2016,rep primary,pres,2,0,0.5,0,0.5,0,1,0,1
63043,2016,rep primary,pres,20,0.15,0.15,0.15,0.55,3,3,3,11
63044,2016,rep primary,pres,12,0.08333333333333333,0.3333333333333333,0.25,0.3333333333333333,1,4,3,4
63045,2016,rep primary,pres,4,0,0.5,0.25,0.25,0,2,1,1
63046,2016,rep primary,pres,82,0,0.024390243902439025,0.07317073170731707,0.9024390243902439,0,2,6,74
63047,2016,rep primary,pres,155,0,0.05161290322580645,0.12903225806451613,0.8193548387096774,0,8,20,127
63048,2016,rep primary,pres,159,0,0.03773584905660377,0.11320754716981132,0.8490566037735849,0,6,18,135
63049,2016,rep primary,pres,170,0.0058823529411764705,0.023529411764705882,0.08823529411764706,0.8823529411764706,1,4,15,150
63050,2016,rep primary,pres,86,0.011627906976744186,0.09302325581395349,0.1744186046511628,0.7209302325581395,1,8,15,62
63051,2016,rep primary,pres,108,0,0.06481481481481481,0.12962962962962962,0.8055555555555556,0,7,14,87
63052,2016,rep primary,pres,88,0.011363636363636364,0.17045454545454544,0.07954545454545454,0.7386363636363636,1,15,7,65
63053,2016,rep primary,pres,59,0,0.06779661016949153,0.06779661016949153,0.864406779661017,0,4,4,51
63054,2016,rep primary,pres,78,0,0.15384615384615385,0.11538461538461539,0.7307692307692307,0,12,9,57
63055,2016,rep primary,pres,78,0.02564102564102564,0.02564102564102564,0.05128205128205128,0.8974358974358975,2,2,4,70
63056,2016,rep primary,pres,48,0.020833333333333332,0.1875,0.10416666666666667,0.6875,1,9,5,33
63057,2016,rep primary,pres,86,0,0.36046511627906974,0.09302325581395349,0.5465116279069767,0,31,8,47
63058,2016,rep primary,pres,107,0,0.17757009345794392,0.08411214953271028,0.7383177570093458,0,19,9,79
63059,2016,rep primary,pres,123,0,0.08130081300813008,0.056910569105691054,0.8617886178861789,0,10,7,106
63060,2016,rep primary,pres,93,0,0.07526881720430108,0.17204301075268819,0.7526881720430108,0,7,16,70
63061,2016,rep primary,pres,79,0,0.12658227848101267,0.21518987341772153,0.6582278481012658,0,10,17,52
63062,2016,rep primary,pres,110,0.00909090909090909,0.07272727272727272,0.16363636363636364,0.7545454545454545,1,8,18,83
63063,2016,rep primary,pres,129,0,0.03875968992248062,0.07751937984496124,0.8837209302325582,0,5,10,114
63064,2016,rep primary,pres,151,0.013245033112582781,0.08609271523178808,0.15894039735099338,0.7417218543046358,2,13,24,112
63065,2016,rep primary,pres,109,0,0.07339449541284404,0.11009174311926606,0.8165137614678899,0,8,12,89
63066,2016,rep primary,pres,105,0.009523809523809525,0.10476190476190476,0.1619047619047619,0.7238095238095238,1,11,17,76
63067,2016,rep primary,pres,104,0,0.10576923076923077,0.1346153846153846,0.7596153846153846,0,11,14,79
63068,2016,rep primary,pres,47,0,0.1276595744680851,0.19148936170212766,0.6808510638297872,0,6,9,32
63069,2016,rep primary,pres,62,0.016129032258064516,0.08064516129032258,0.06451612903225806,0.8387096774193549,1,5,4,52
63070,2016,rep primary,pres,57,0,0.08771929824561403,0.14035087719298245,0.7719298245614035,0,5,8,44
63071,2016,rep primary,pres,12,0,0.08333333333333333,0.16666666666666666,0.75,0,1,2,9
63072,2016,rep primary,pres,112,0.008928571428571428,0.08035714285714286,0.10714285714285714,0.8035714285714286,1,9,12,90
63073,2016,rep primary,pres,100,0,0.1,0.09,0.81,0,10,9,81
63074,2016,rep primary,pres,59,0,0.05084745762711865,0.15254237288135594,0.7966101694915254,0,3,9,47
63075,2016,rep primary,pres,16,0,0.1875,0.1875,0.625,0,3,3,10
63076,2016,rep primary,pres,0,NaN,NaN,NaN,NaN,0,0,0,0
63081,2016,rep primary,pres,93,0.010752688172043012,0.07526881720430108,0.0967741935483871,0.8172043010752689,1,7,9,76
64001,2016,rep primary,pres,129,0,0.09302325581395349,0.08527131782945736,0.8217054263565892,0,12,11,106
64002,2016,rep primary,pres,163,0,0.049079754601226995,0.08588957055214724,0.8650306748466258,0,8,14,141
64003,2016,rep primary,pres,166,0,0.04216867469879518,0.12048192771084337,0.8373493975903614,0,7,20,139
64004,2016,rep primary,pres,140,0.014285714285714285,0.10714285714285714,0.08571428571428572,0.7928571428571428,2,15,12,111
64005,2016,rep primary,pres,168,0.011904761904761904,0.05357142857142857,0.10119047619047619,0.8333333333333334,2,9,17,140
64006,2016,rep primary,pres,149,0,0.06711409395973154,0.12080536912751678,0.8120805369127517,0,10,18,121
64007,2016,rep primary,pres,180,0,0.07222222222222222,0.07777777777777778,0.85,0,13,14,153
64008,2016,rep primary,pres,146,0,0.07534246575342465,0.10273972602739725,0.821917808219178,0,11,15,120
64009,2016,rep primary,pres,165,0,0.08484848484848485,0.03636363636363636,0.8787878787878788,0,14,6,145
64010,2016,rep primary,pres,177,0,0.04519774011299435,0.062146892655367235,0.8926553672316384,0,8,11,158
64011,2016,rep primary,pres,57,0,0.21052631578947367,0.08771929824561403,0.7017543859649122,0,12,5,40
64012,2016,rep primary,pres,115,0,0.05217391304347826,0.034782608695652174,0.9130434782608695,0,6,4,105
64013,2016,rep primary,pres,42,0,0.14285714285714285,0.047619047619047616,0.8095238095238095,0,6,2,34
64014,2016,rep primary,pres,154,0,0.13636363636363635,0.06493506493506493,0.7987012987012987,0,21,10,123
64015,2016,rep primary,pres,197,0,0.030456852791878174,0.08629441624365482,0.883248730964467,0,6,17,174
64016,2016,rep primary,pres,171,0.005847953216374269,0.05263157894736842,0.11695906432748537,0.8245614035087719,1,9,20,141
64017,2016,rep primary,pres,156,0.00641025641025641,0.11538461538461539,0.1282051282051282,0.75,1,18,20,117
64018,2016,rep primary,pres,96,0,0.08333333333333333,0.03125,0.8854166666666666,0,8,3,85
64019,2016,rep primary,pres,56,0,0.16071428571428573,0.125,0.7142857142857143,0,9,7,40
64020,2016,rep primary,pres,95,0,0.08421052631578947,0.042105263157894736,0.8736842105263158,0,8,4,83
64021,2016,rep primary,pres,100,0,0.07,0.08,0.85,0,7,8,85
64022,2016,rep primary,pres,129,0.007751937984496124,0.06976744186046512,0.15503875968992248,0.7674418604651163,1,9,20,99
64023,2016,rep primary,pres,136,0,0.11764705882352941,0.11764705882352941,0.7647058823529411,0,16,16,104
64024,2016,rep primary,pres,104,0.019230769230769232,0.09615384615384616,0.11538461538461539,0.7692307692307693,2,10,12,80
64025,2016,rep primary,pres,97,0.010309278350515464,0.08247422680412371,0.09278350515463918,0.8144329896907216,1,8,9,79
64026,2016,rep primary,pres,133,0,0.08270676691729323,0.16541353383458646,0.7518796992481203,0,11,22,100
64027,2016,rep primary,pres,87,0.011494252873563218,0.1724137931034483,0.08045977011494253,0.735632183908046,1,15,7,64
64028,2016,rep primary,pres,80,0,0.0875,0.175,0.7375,0,7,14,59
64029,2016,rep primary,pres,134,0.007462686567164179,0.09701492537313433,0.12686567164179105,0.7686567164179104,1,13,17,103
64030,2016,rep primary,pres,95,0,0.031578947368421054,0.08421052631578947,0.8842105263157894,0,3,8,84
64031,2016,rep primary,pres,113,0.017699115044247787,0.07964601769911504,0.1415929203539823,0.7610619469026548,2,9,16,86
64032,2016,rep primary,pres,129,0.007751937984496124,0.03875968992248062,0.11627906976744186,0.8372093023255814,1,5,15,108
64033,2016,rep primary,pres,108,0.018518518518518517,0.07407407407407407,0.05555555555555555,0.8518518518518519,2,8,6,92
64034,2016,rep primary,pres,100,0,0.12,0.11,0.77,0,12,11,77
64035,2016,rep primary,pres,142,0.007042253521126761,0.09154929577464789,0.176056338028169,0.7253521126760564,1,13,25,103
64036,2016,rep primary,pres,100,0,0.08,0.11,0.81,0,8,11,81
64037,2016,rep primary,pres,106,0,0.018867924528301886,0.1509433962264151,0.8301886792452831,0,2,16,88
64038,2016,rep primary,pres,56,0,0.10714285714285714,0.10714285714285714,0.7857142857142857,0,6,6,44
64039,2016,rep primary,pres,120,0.008333333333333333,0.09166666666666666,0.1,0.8,1,11,12,96
64040,2016,rep primary,pres,52,0.038461538461538464,0.07692307692307693,0.11538461538461539,0.7692307692307693,2,4,6,40
64041,2016,rep primary,pres,78,0,0.0641025641025641,0.05128205128205128,0.8846153846153846,0,5,4,69
64042,2016,rep primary,pres,60,0,0.08333333333333333,0.05,0.8666666666666667,0,5,3,52
64043,2016,rep primary,pres,54,0,0.05555555555555555,0.12962962962962962,0.8148148148148148,0,3,7,44
64044,2016,rep primary,pres,82,0,0.036585365853658534,0.13414634146341464,0.8292682926829268,0,3,11,68
64045,2016,rep primary,pres,65,0,0.03076923076923077,0.23076923076923078,0.7384615384615385,0,2,15,48
64046,2016,rep primary,pres,61,0,0.08196721311475409,0.06557377049180328,0.8524590163934426,0,5,4,52
64047,2016,rep primary,pres,69,0.028985507246376812,0.07246376811594203,0.17391304347826086,0.7246376811594203,2,5,12,50
64048,2016,rep primary,pres,74,0,0.06756756756756757,0.16216216216216217,0.7702702702702703,0,5,12,57
64049,2016,rep primary,pres,80,0.0125,0.1,0.1,0.7875,1,8,8,63
64050,2016,rep primary,pres,89,0,0.10112359550561797,0.12359550561797752,0.7752808988764045,0,9,11,69
64051,2016,rep primary,pres,56,0,0.08928571428571429,0.10714285714285714,0.8035714285714286,0,5,6,45
64052,2016,rep primary,pres,89,0,0.07865168539325842,0.0898876404494382,0.8314606741573034,0,7,8,74
64053,2016,rep primary,pres,69,0,0.057971014492753624,0.057971014492753624,0.8840579710144928,0,4,4,61
64056,2016,rep primary,pres,0,NaN,NaN,NaN,NaN,0,0,0,0
64062,2016,rep primary,pres,47,0,0.02127659574468085,0.10638297872340426,0.8723404255319149,0,1,5,41
64075,2016,rep primary,pres,65,0.015384615384615385,0.09230769230769231,0.2153846153846154,0.676923076923077,1,6,14,44
64076,2016,rep primary,pres,75,0,0.10666666666666667,0.18666666666666668,0.7066666666666667,0,8,14,53
64077,2016,rep primary,pres,82,0.012195121951219513,0.14634146341463414,0.2073170731707317,0.6341463414634146,1,12,17,52
64078,2016,rep primary,pres,63,0,0.1746031746031746,0.14285714285714285,0.6825396825396826,0,11,9,43
64079,2016,rep primary,pres,44,0.022727272727272728,0.20454545454545456,0.1590909090909091,0.6136363636363636,1,9,7,27
64080,2016,rep primary,pres,38,0,0.15789473684210525,0.21052631578947367,0.631578947368421,0,6,8,24
64081,2016,rep primary,pres,22,0,0.2727272727272727,0.13636363636363635,0.5909090909090909,0,6,3,13
64083,2016,rep primary,pres,36,0.027777777777777776,0.2777777777777778,0.2777777777777778,0.4166666666666667,1,10,10,15
64084,2016,rep primary,pres,69,0,0.08695652173913043,0.30434782608695654,0.6086956521739131,0,6,21,42
64085,2016,rep primary,pres,39,0,0.1282051282051282,0.1282051282051282,0.7435897435897436,0,5,5,29
64086,2016,rep primary,pres,45,0.022222222222222223,0,0.15555555555555556,0.8222222222222222,1,0,7,37
64087,2016,rep primary,pres,62,0.016129032258064516,0.06451612903225806,0.14516129032258066,0.7741935483870968,1,4,9,48
64088,2016,rep primary,pres,51,0,0.0392156862745098,0.23529411764705882,0.7254901960784313,0,2,12,37
64089,2016,rep primary,pres,119,0,0.09243697478991597,0.19327731092436976,0.7142857142857143,0,11,23,85
64090,2016,rep primary,pres,82,0,0.12195121951219512,0.25609756097560976,0.6219512195121951,0,10,21,51
64091,2016,rep primary,pres,66,0,0.045454545454545456,0.15151515151515152,0.803030303030303,0,3,10,53
64092,2016,rep primary,pres,0,NaN,NaN,NaN,NaN,0,0,0,0
64098,2016,rep primary,pres,30,0,0.1,0.13333333333333333,0.7666666666666667,0,3,4,23
