elect_dist,year,type,office,total_votes,albanese_prop,browder_prop,commey_prop,deblasio_prop,dietl_prop,malliotakis_prop,tolkin_prop,albanese_tot,browder_tot,commey_tot,deblasio_tot,dietl_tot,malliotakis_tot,tolkin_tot
41080,2017,general,mayor,20,0,0,0,0.3,0,0.7,0,0,0,0,6,0,14,0
45008,2017,general,mayor,140,0.007142857142857143,0,0,0.2714285714285714,0.014285714285714285,0.6857142857142857,0.02142857142857143,1,0,0,38,2,96,3
45009,2017,general,mayor,191,0.010471204188481676,0.005235602094240838,0,0.27225130890052357,0.010471204188481676,0.6963350785340314,0.005235602094240838,2,1,0,52,2,133,1
45010,2017,general,mayor,104,0.019230769230769232,0,0,0.25,0.019230769230769232,0.7115384615384616,0,2,0,0,26,2,74,0
45011,2017,general,mayor,161,0.037267080745341616,0.012422360248447204,0,0.42857142857142855,0.049689440993788817,0.45962732919254656,0.012422360248447204,6,2,0,69,8,74,2
45013,2017,general,mayor,176,0.028409090909090908,0.022727272727272728,0.005681818181818182,0.3693181818181818,0.03409090909090909,0.5170454545454546,0.022727272727272728,5,4,1,65,6,91,4
45014,2017,general,mayor,157,0.01910828025477707,0.012738853503184714,0.006369426751592357,0.2611464968152866,0.025477707006369428,0.6687898089171974,0.006369426751592357,3,2,1,41,4,105,1
45015,2017,general,mayor,47,0,0,0,0.06382978723404255,0.02127659574468085,0.9148936170212766,0,0,0,0,3,1,43,0
45016,2017,general,mayor,191,0.010471204188481676,0.015706806282722512,0,0.225130890052356,0.010471204188481676,0.7382198952879581,0,2,3,0,43,2,141,0
45017,2017,general,mayor,131,0.030534351145038167,0.007633587786259542,0,0.17557251908396945,0.022900763358778626,0.7557251908396947,0.007633587786259542,4,1,0,23,3,99,1
45019,2017,general,mayor,156,0.019230769230769232,0,0,0.26282051282051283,0,0.6987179487179487,0.019230769230769232,3,0,0,41,0,109,3
45020,2017,general,mayor,164,0.006097560975609756,0.006097560975609756,0,0.08536585365853659,0.006097560975609756,0.8963414634146342,0,1,1,0,14,1,147,0
45021,2017,general,mayor,126,0.007936507936507936,0,0,0.1746031746031746,0.015873015873015872,0.7777777777777778,0.023809523809523808,1,0,0,22,2,98,3
45022,2017,general,mayor,110,0,0,0,0.23636363636363636,0,0.7636363636363637,0,0,0,0,26,0,84,0
45023,2017,general,mayor,149,0.06040268456375839,0.006711409395973154,0,0.2953020134228188,0.013422818791946308,0.6241610738255033,0,9,1,0,44,2,93,0
45026,2017,general,mayor,107,0.018691588785046728,0.009345794392523364,0,0.4205607476635514,0.018691588785046728,0.514018691588785,0.018691588785046728,2,1,0,45,2,55,2
45027,2017,general,mayor,123,0,0,0,0.43902439024390244,0.008130081300813009,0.5284552845528455,0.024390243902439025,0,0,0,54,1,65,3
45028,2017,general,mayor,119,0.058823529411764705,0,0.008403361344537815,0.36134453781512604,0.008403361344537815,0.5630252100840336,0,7,0,1,43,1,67,0
45029,2017,general,mayor,107,0.009345794392523364,0.009345794392523364,0,0.32710280373831774,0,0.6355140186915887,0.018691588785046728,1,1,0,35,0,68,2
45030,2017,general,mayor,210,0.05714285714285714,0.009523809523809525,0.004761904761904762,0.28095238095238095,0.009523809523809525,0.6047619047619047,0.03333333333333333,12,2,1,59,2,127,7
45031,2017,general,mayor,160,0.00625,0.00625,0.00625,0.21875,0.0375,0.725,0,1,1,1,35,6,116,0
45032,2017,general,mayor,134,0.05223880597014925,0,0,0.19402985074626866,0,0.746268656716418,0.007462686567164179,7,0,0,26,0,100,1
45033,2017,general,mayor,174,0.022988505747126436,0.005747126436781609,0,0.28735632183908044,0.011494252873563218,0.6666666666666666,0.005747126436781609,4,1,0,50,2,116,1
45034,2017,general,mayor,133,0.05263157894736842,0,0,0.40601503759398494,0.007518796992481203,0.5338345864661654,0,7,0,0,54,1,71,0
45035,2017,general,mayor,185,0.032432432432432434,0.005405405405405406,0,0.24864864864864866,0.021621621621621623,0.6864864864864865,0.005405405405405406,6,1,0,46,4,127,1
45036,2017,general,mayor,112,0.03571428571428571,0,0,0.35714285714285715,0.008928571428571428,0.5892857142857143,0.008928571428571428,4,0,0,40,1,66,1
45037,2017,general,mayor,123,0.032520325203252036,0,0,0.2764227642276423,0.032520325203252036,0.6585365853658537,0,4,0,0,34,4,81,0
45038,2017,general,mayor,131,0.022900763358778626,0,0,0.37404580152671757,0.022900763358778626,0.5648854961832062,0.015267175572519083,3,0,0,49,3,74,2
45040,2017,general,mayor,186,0.04838709677419355,0.010752688172043012,0.005376344086021506,0.26344086021505375,0.005376344086021506,0.6666666666666666,0,9,2,1,49,1,124,0
45041,2017,general,mayor,69,0.028985507246376812,0.043478260869565216,0,0.2898550724637681,0.014492753623188406,0.6231884057971014,0,2,3,0,20,1,43,0
45042,2017,general,mayor,184,0.043478260869565216,0,0.005434782608695652,0.30434782608695654,0,0.6358695652173914,0.010869565217391304,8,0,1,56,0,117,2
45043,2017,general,mayor,204,0.04411764705882353,0,0,0.2549019607843137,0.014705882352941176,0.6813725490196079,0.004901960784313725,9,0,0,52,3,139,1
45044,2017,general,mayor,125,0.032,0.016,0.008,0.424,0.024,0.472,0.024,4,2,1,53,3,59,3
45045,2017,general,mayor,130,0.015384615384615385,0.038461538461538464,0.007692307692307693,0.7692307692307693,0.007692307692307693,0.16153846153846155,0,2,5,1,100,1,21,0
45046,2017,general,mayor,170,0.01764705882352941,0.01764705882352941,0,0.8823529411764706,0,0.07647058823529412,0.0058823529411764705,3,3,0,150,0,13,1
45047,2017,general,mayor,27,0.07407407407407407,0,0,0.37037037037037035,0,0.5555555555555556,0,2,0,0,10,0,15,0
45048,2017,general,mayor,160,0.01875,0.01875,0,0.25625,0.0125,0.675,0.01875,3,3,0,41,2,108,3
45055,2017,general,mayor,12,0,0,0.08333333333333333,0.16666666666666666,0.08333333333333333,0.6666666666666666,0,0,0,1,2,1,8,0
45057,2017,general,mayor,162,0.018518518518518517,0.006172839506172839,0.006172839506172839,0.3765432098765432,0.024691358024691357,0.5555555555555556,0.012345679012345678,3,1,1,61,4,90,2
45071,2017,general,mayor,172,0.03488372093023256,0.005813953488372093,0,0.20348837209302326,0.011627906976744186,0.7267441860465116,0.01744186046511628,6,1,0,35,2,125,3
45076,2017,general,mayor,115,0,0,0.008695652173913044,0.12173913043478261,0.034782608695652174,0.8260869565217391,0.008695652173913044,0,0,1,14,4,95,1
45077,2017,general,mayor,131,0.015267175572519083,0.007633587786259542,0,0.3816793893129771,0.007633587786259542,0.5725190839694656,0.015267175572519083,2,1,0,50,1,75,2
46031,2017,general,mayor,345,0.04927536231884058,0.014492753623188406,0.005797101449275362,0.5304347826086957,0.020289855072463767,0.3710144927536232,0.008695652173913044,17,5,2,183,7,128,3
46034,2017,general,mayor,199,0.05527638190954774,0.01507537688442211,0,0.45226130653266333,0.005025125628140704,0.46733668341708545,0.005025125628140704,11,3,0,90,1,93,1
46035,2017,general,mayor,105,0.009523809523809525,0.009523809523809525,0,0.4,0.009523809523809525,0.5714285714285714,0,1,1,0,42,1,60,0
46036,2017,general,mayor,269,0.022304832713754646,0.007434944237918215,0,0.20074349442379183,0.02973977695167286,0.7323420074349443,0.007434944237918215,6,2,0,54,8,197,2
46037,2017,general,mayor,0,NaN,NaN,NaN,NaN,NaN,NaN,NaN,0,0,0,0,0,0,0
46038,2017,general,mayor,154,0.03896103896103896,0.012987012987012988,0,0.43506493506493504,0.025974025974025976,0.4675324675324675,0.01948051948051948,6,2,0,67,4,72,3
46039,2017,general,mayor,98,0.02040816326530612,0.02040816326530612,0,0.45918367346938777,0,0.4897959183673469,0.01020408163265306,2,2,0,45,0,48,1
46040,2017,general,mayor,66,0.09090909090909091,0.015151515151515152,0.015151515151515152,0.3181818181818182,0.015151515151515152,0.5303030303030303,0.015151515151515152,6,1,1,21,1,35,1
46041,2017,general,mayor,441,0.047619047619047616,0.009070294784580499,0.0022675736961451248,0.35600907029478457,0.013605442176870748,0.564625850340136,0.006802721088435374,21,4,1,157,6,249,3
46042,2017,general,mayor,216,0.06018518518518518,0.004629629629629629,0,0.2916666666666667,0.023148148148148147,0.6157407407407407,0.004629629629629629,13,1,0,63,5,133,1
46047,2017,general,mayor,303,0.036303630363036306,0.0033003300330033004,0,0.2079207920792079,0.033003300330033,0.7095709570957096,0.009900990099009901,11,1,0,63,10,215,3
46048,2017,general,mayor,307,0.029315960912052116,0.009771986970684038,0.003257328990228013,0.4560260586319218,0.006514657980456026,0.49185667752442996,0.003257328990228013,9,3,1,140,2,151,1
46049,2017,general,mayor,349,0.06017191977077364,0.014326647564469915,0,0.44412607449856734,0.0057306590257879654,0.4670487106017192,0.008595988538681949,21,5,0,155,2,163,3
46050,2017,general,mayor,377,0.03183023872679045,0.013262599469496022,0.005305039787798408,0.27320954907161804,0.007957559681697613,0.6657824933687002,0.002652519893899204,12,5,2,103,3,251,1
46051,2017,general,mayor,407,0.0343980343980344,0.002457002457002457,0,0.26044226044226043,0.009828009828009828,0.687960687960688,0.004914004914004914,14,1,0,106,4,280,2
46052,2017,general,mayor,329,0.0425531914893617,0,0.0060790273556231,0.4133738601823708,0.015197568389057751,0.513677811550152,0.00911854103343465,14,0,2,136,5,169,3
46053,2017,general,mayor,348,0.040229885057471264,0.014367816091954023,0,0.4425287356321839,0.0028735632183908046,0.48563218390804597,0.014367816091954023,14,5,0,154,1,169,5
46054,2017,general,mayor,269,0.02973977695167286,0,0,0.45353159851301117,0.01858736059479554,0.49814126394052044,0,8,0,0,122,5,134,0
46055,2017,general,mayor,297,0.026936026936026935,0,0,0.46464646464646464,0.020202020202020204,0.4781144781144781,0.010101010101010102,8,0,0,138,6,142,3
46056,2017,general,mayor,328,0.057926829268292686,0.027439024390243903,0,0.5060975609756098,0.009146341463414634,0.3932926829268293,0.006097560975609756,19,9,0,166,3,129,2
46057,2017,general,mayor,308,0.05844155844155844,0.00974025974025974,0.003246753246753247,0.33766233766233766,0.006493506493506494,0.577922077922078,0.006493506493506494,18,3,1,104,2,178,2
46058,2017,general,mayor,362,0.022099447513812154,0.011049723756906077,0,0.4530386740331492,0.0055248618784530384,0.505524861878453,0.0027624309392265192,8,4,0,164,2,183,1
46059,2017,general,mayor,334,0.06287425149700598,0.014970059880239521,0.0029940119760479044,0.46107784431137727,0.014970059880239521,0.4311377245508982,0.011976047904191617,21,5,1,154,5,144,4
46060,2017,general,mayor,429,0.08158508158508158,0.011655011655011656,0,0.3706293706293706,0.006993006993006993,0.5291375291375291,0,35,5,0,159,3,227,0
46061,2017,general,mayor,197,0.025380710659898477,0.01015228426395939,0,0.3248730964467005,0,0.6395939086294417,0,5,2,0,64,0,126,0
46062,2017,general,mayor,369,0.051490514905149054,0.018970189701897018,0.0027100271002710027,0.39295392953929537,0.018970189701897018,0.4986449864498645,0.016260162601626018,19,7,1,145,7,184,6
46063,2017,general,mayor,359,0.03899721448467967,0.013927576601671309,0.002785515320334262,0.39275766016713093,0.005571030640668524,0.5459610027855153,0,14,5,1,141,2,196,0
46064,2017,general,mayor,373,0.0777479892761394,0.013404825737265416,0,0.38337801608579086,0.0160857908847185,0.4959785522788204,0.013404825737265416,29,5,0,143,6,185,5
46065,2017,general,mayor,393,0.043256997455470736,0.002544529262086514,0.010178117048346057,0.3969465648854962,0.020356234096692113,0.5063613231552163,0.020356234096692113,17,1,4,156,8,199,8
46066,2017,general,mayor,295,0.03728813559322034,0.006779661016949152,0,0.2847457627118644,0.01694915254237288,0.6372881355932203,0.01694915254237288,11,2,0,84,5,188,5
46067,2017,general,mayor,339,0.058997050147492625,0.0058997050147492625,0.0058997050147492625,0.1976401179941003,0.017699115044247787,0.7050147492625368,0.008849557522123894,20,2,2,67,6,239,3
46068,2017,general,mayor,411,0.08759124087591241,0.004866180048661801,0.0072992700729927005,0.1873479318734793,0.0072992700729927005,0.7055961070559611,0,36,2,3,77,3,290,0
46069,2017,general,mayor,340,0.05,0.0058823529411764705,0,0.19705882352941176,0.0058823529411764705,0.7382352941176471,0.0029411764705882353,17,2,0,67,2,251,1
46070,2017,general,mayor,303,0.036303630363036306,0.0033003300330033004,0,0.132013201320132,0.009900990099009901,0.8151815181518152,0.0033003300330033004,11,1,0,40,3,247,1
46071,2017,general,mayor,312,0.05128205128205128,0,0,0.22435897435897437,0.028846153846153848,0.6955128205128205,0,16,0,0,70,9,217,0
46072,2017,general,mayor,341,0.03519061583577713,0.002932551319648094,0,0.3343108504398827,0.020527859237536656,0.60410557184750735,0.002932551319648094,12,1,0,114,7,206,1
46074,2017,general,mayor,63,0.047619047619047616,0,0,0.5238095238095238,0,0.42857142857142855,0,3,0,0,33,0,27,0
46075,2017,general,mayor,378,0.07142857142857142,0.018518518518518517,0.0026455026455026454,0.35185185185185186,0.007936507936507936,0.544973544973545,0.0026455026455026454,27,7,1,133,3,206,1
46076,2017,general,mayor,266,0.06390977443609022,0.011278195488721804,0,0.37218045112781956,0.007518796992481203,0.5413533834586466,0.0037593984962406013,17,3,0,99,2,144,1
46077,2017,general,mayor,192,0.020833333333333332,0.005208333333333333,0,0.3385416666666667,0.020833333333333332,0.609375,0.005208333333333333,4,1,0,65,4,117,1
46078,2017,general,mayor,421,0.05463182897862233,0.009501187648456057,0,0.2921615201900237,0.023752969121140142,0.6199524940617577,0,23,4,0,123,10,261,0
46079,2017,general,mayor,385,0.05974025974025974,0.0025974025974025974,0,0.11688311688311688,0.012987012987012988,0.8025974025974026,0.005194805194805195,23,1,0,45,5,309,2
46083,2017,general,mayor,0,NaN,NaN,NaN,NaN,NaN,NaN,NaN,0,0,0,0,0,0,0
47001,2017,general,mayor,199,0.02512562814070352,0.01507537688442211,0.005025125628140704,0.18592964824120603,0.04020100502512563,0.7185929648241206,0.010050251256281407,5,3,1,37,8,143,2
47002,2017,general,mayor,190,0.02631578947368421,0.005263157894736842,0,0.3368421052631579,0.015789473684210527,0.6105263157894737,0.005263157894736842,5,1,0,64,3,116,1
47005,2017,general,mayor,214,0.04672897196261682,0.009345794392523364,0,0.308411214953271,0.014018691588785047,0.6074766355140186,0.014018691588785047,10,2,0,66,3,130,3
47006,2017,general,mayor,168,0.017857142857142856,0.017857142857142856,0,0.35119047619047616,0.011904761904761904,0.5952380952380952,0.005952380952380952,3,3,0,59,2,100,1
47007,2017,general,mayor,157,0.06369426751592357,0.012738853503184714,0,0.31210191082802546,0.012738853503184714,0.5605095541401274,0.03821656050955414,10,2,0,49,2,88,6
47008,2017,general,mayor,249,0.04417670682730924,0,0,0.285140562248996,0.020080321285140562,0.642570281124498,0.008032128514056224,11,0,0,71,5,160,2
47009,2017,general,mayor,240,0.025,0.008333333333333333,0.004166666666666667,0.30416666666666664,0.029166666666666667,0.6291666666666667,0,6,2,1,73,7,151,0
47011,2017,general,mayor,134,0.03731343283582089,0.007462686567164179,0,0.3880597014925373,0,0.5597014925373134,0.007462686567164179,5,1,0,52,0,75,1
47012,2017,general,mayor,155,0.012903225806451613,0.012903225806451613,0,0.38064516129032255,0.01935483870967742,0.5483870967741935,0.025806451612903226,2,2,0,59,3,85,4
47013,2017,general,mayor,198,0.050505050505050504,0.005050505050505051,0,0.41414141414141414,0,0.5252525252525253,0.005050505050505051,10,1,0,82,0,104,1
47014,2017,general,mayor,222,0.04054054054054054,0.009009009009009009,0,0.36486486486486486,0.009009009009009009,0.5675675675675675,0.009009009009009009,9,2,0,81,2,126,2
47015,2017,general,mayor,212,0.018867924528301886,0.009433962264150943,0,0.5707547169811321,0.02358490566037736,0.37264150943396224,0.0047169811320754715,4,2,0,121,5,79,1
47016,2017,general,mayor,135,0.037037037037037035,0,0,0.4074074074074074,0.007407407407407408,0.5333333333333333,0.014814814814814815,5,0,0,55,1,72,2
47017,2017,general,mayor,158,0.02531645569620253,0,0.012658227848101266,0.45569620253164556,0.006329113924050633,0.4810126582278481,0.0189873417721519,4,0,2,72,1,76,3
47018,2017,general,mayor,177,0.03389830508474576,0.005649717514124294,0,0.3163841807909605,0.02824858757062147,0.5932203389830508,0.022598870056497175,6,1,0,56,5,105,4
47019,2017,general,mayor,38,0,0,0,0.34210526315789475,0.02631578947368421,0.6052631578947368,0.02631578947368421,0,0,0,13,1,23,1
47032,2017,general,mayor,52,0.11538461538461539,0,0,0.40384615384615385,0.038461538461538464,0.4423076923076923,0,6,0,0,21,2,23,0
47038,2017,general,mayor,44,0.045454545454545456,0,0,0.4772727272727273,0.022727272727272728,0.45454545454545453,0,2,0,0,21,1,20,0
47041,2017,general,mayor,208,0,0.019230769230769232,0.004807692307692308,0.3076923076923077,0.004807692307692308,0.6490384615384616,0.014423076923076924,0,4,1,64,1,135,3
47048,2017,general,mayor,235,0.05106382978723404,0.01276595744680851,0.00851063829787234,0.20851063829787234,0.01702127659574468,0.6808510638297872,0.02127659574468085,12,3,2,49,4,160,5
47049,2017,general,mayor,173,0.023121387283236993,0,0.005780346820809248,0.21965317919075145,0.03468208092485549,0.7109826589595376,0.005780346820809248,4,0,1,38,6,123,1
47053,2017,general,mayor,98,0,0.030612244897959183,0,0.7653061224489796,0,0.19387755102040816,0.01020408163265306,0,3,0,75,0,19,1
47054,2017,general,mayor,125,0,0.024,0,0.92,0,0.048,0.008,0,3,0,115,0,6,1
47055,2017,general,mayor,205,0.03902439024390244,0.00975609756097561,0.004878048780487805,0.35121951219512193,0.004878048780487805,0.5853658536585366,0.004878048780487805,8,2,1,72,1,120,1
47056,2017,general,mayor,152,0.03289473684210526,0.006578947368421052,0,0.3815789473684211,0.013157894736842105,0.5394736842105263,0.02631578947368421,5,1,0,58,2,82,4
47057,2017,general,mayor,266,0.04887218045112782,0.018796992481203006,0,0.2556390977443609,0.0037593984962406013,0.6729323308270677,0,13,5,0,68,1,179,0
47058,2017,general,mayor,163,0.024539877300613498,0.006134969325153374,0,0.3128834355828221,0.018404907975460124,0.6319018404907976,0.006134969325153374,4,1,0,51,3,103,1
47059,2017,general,mayor,195,0.035897435897435895,0.010256410256410256,0.010256410256410256,0.3282051282051282,0.02564102564102564,0.5794871794871795,0.010256410256410256,7,2,2,64,5,113,2
47060,2017,general,mayor,63,0.031746031746031744,0,0,0.5238095238095238,0,0.4444444444444444,0,2,0,0,33,0,28,0
47061,2017,general,mayor,139,0.04316546762589928,0.02877697841726619,0,0.43884892086330934,0.03597122302158273,0.4460431654676259,0.007194244604316547,6,4,0,61,5,62,1
47062,2017,general,mayor,140,0.02142857142857143,0.007142857142857143,0,0.34285714285714286,0.014285714285714285,0.5714285714285714,0.04285714285714286,3,1,0,48,2,80,6
47063,2017,general,mayor,134,0.03731343283582089,0.007462686567164179,0,0.3805970149253731,0,0.5597014925373134,0.014925373134328358,5,1,0,51,0,75,2
47064,2017,general,mayor,162,0.037037037037037035,0.012345679012345678,0.012345679012345678,0.46296296296296297,0,0.4691358024691358,0.006172839506172839,6,2,2,75,0,76,1
47065,2017,general,mayor,177,0.01694915254237288,0.01694915254237288,0.005649717514124294,0.3333333333333333,0.02824858757062147,0.5819209039548022,0.01694915254237288,3,3,1,59,5,103,3
47066,2017,general,mayor,84,0.023809523809523808,0.011904761904761904,0.011904761904761904,0.2976190476190476,0.023809523809523808,0.6190476190476191,0.011904761904761904,2,1,1,25,2,52,1
47067,2017,general,mayor,120,0.016666666666666666,0.008333333333333333,0,0.38333333333333336,0.025,0.5666666666666667,0,2,1,0,46,3,68,0
47068,2017,general,mayor,42,0.047619047619047616,0,0,0.30952380952380953,0,0.6428571428571429,0,2,0,0,13,0,27,0
47071,2017,general,mayor,169,0.0650887573964497,0.005917159763313609,0,0.1952662721893491,0.005917159763313609,0.7041420118343196,0.023668639053254437,11,1,0,33,1,119,4
49036,2017,general,mayor,59,0,0,0,0.423728813559322,0.05084745762711865,0.5254237288135594,0,0,0,0,25,3,31,0
49044,2017,general,mayor,50,0.04,0.02,0,0.4,0,0.54,0,2,1,0,20,0,27,0
49045,2017,general,mayor,65,0,0.03076923076923077,0,0.36923076923076925,0.015384615384615385,0.5846153846153846,0,0,2,0,24,1,38,0
49047,2017,general,mayor,224,0.026785714285714284,0,0.013392857142857142,0.4642857142857143,0.013392857142857142,0.47767857142857145,0.004464285714285714,6,0,3,104,3,107,1
49048,2017,general,mayor,259,0.03088803088803089,0.007722007722007722,0,0.2548262548262548,0.007722007722007722,0.6988416988416989,0,8,2,0,66,2,181,0
49049,2017,general,mayor,241,0.03319502074688797,0.008298755186721992,0,0.3278008298755187,0.012448132780082987,0.6182572614107884,0,8,2,0,79,3,149,0
49050,2017,general,mayor,195,0.07692307692307693,0.005128205128205128,0,0.3282051282051282,0.010256410256410256,0.5743589743589743,0.005128205128205128,15,1,0,64,2,112,1
49051,2017,general,mayor,206,0.03398058252427184,0.0048543689320388345,0.014563106796116505,0.23300970873786409,0.0048543689320388345,0.6941747572815534,0.014563106796116505,7,1,3,48,1,143,3
49052,2017,general,mayor,186,0.03225806451612903,0,0,0.3225806451612903,0.005376344086021506,0.6344086021505376,0.005376344086021506,6,0,0,60,1,118,1
49053,2017,general,mayor,364,0.06318681318681318,0,0.0027472527472527475,0.19230769230769232,0.005494505494505495,0.7335164835164835,0.0027472527472527475,23,0,1,70,2,267,1
49054,2017,general,mayor,198,0.030303030303030304,0,0,0.19696969696969696,0.005050505050505051,0.7575757575757576,0.010101010101010102,6,0,0,39,1,150,2
49063,2017,general,mayor,220,0.05,0.004545454545454545,0,0.22272727272727272,0.013636363636363636,0.7090909090909091,0,11,1,0,49,3,156,0
49065,2017,general,mayor,193,0.046632124352331605,0,0,0.3005181347150259,0.02072538860103627,0.6269430051813472,0.0051813471502590676,9,0,0,58,4,121,1
49071,2017,general,mayor,0,NaN,NaN,NaN,NaN,NaN,NaN,NaN,0,0,0,0,0,0,0
51059,2017,general,mayor,175,0.02857142857142857,0.04,0.005714285714285714,0.6114285714285714,0.02857142857142857,0.28,0.005714285714285714,5,7,1,107,5,49,1
51076,2017,general,mayor,204,0.05392156862745098,0.014705882352941176,0,0.5441176470588235,0.00980392156862745,0.37254901960784315,0.004901960784313725,11,3,0,111,2,76,1
61001,2017,general,mayor,329,0.030395136778115502,0.00303951367781155,0.00303951367781155,0.8358662613981763,0,0.11854103343465046,0.00911854103343465,10,1,1,275,0,39,3
61002,2017,general,mayor,343,0.02040816326530612,0.01749271137026239,0.0058309037900874635,0.7288629737609329,0.0058309037900874635,0.20408163265306123,0.01749271137026239,7,6,2,250,2,70,6
61003,2017,general,mayor,368,0.03260869565217391,0.021739130434782608,0.002717391304347826,0.6902173913043478,0.005434782608695652,0.23641304347826086,0.010869565217391304,12,8,1,254,2,87,4
61004,2017,general,mayor,240,0.029166666666666667,0.016666666666666666,0.004166666666666667,0.6791666666666667,0.008333333333333333,0.25,0.0125,7,4,1,163,2,60,3
61005,2017,general,mayor,232,0.021551724137931036,0.03017241379310345,0.004310344827586207,0.771551724137931,0.01293103448275862,0.14655172413793102,0.01293103448275862,5,7,1,179,3,34,3
61006,2017,general,mayor,183,0.02185792349726776,0.02185792349726776,0,0.4262295081967213,0.01639344262295082,0.4918032786885246,0.02185792349726776,4,4,0,78,3,90,4
61007,2017,general,mayor,240,0.008333333333333333,0.008333333333333333,0.004166666666666667,0.8958333333333334,0.004166666666666667,0.07916666666666666,0,2,2,1,215,1,19,0
61008,2017,general,mayor,164,0.006097560975609756,0.012195121951219513,0,0.8658536585365854,0.012195121951219513,0.0975609756097561,0.006097560975609756,1,2,0,142,2,16,1
61009,2017,general,mayor,410,0.00975609756097561,0.00975609756097561,0.004878048780487805,0.6585365853658537,0.00975609756097561,0.3024390243902439,0.004878048780487805,4,4,2,270,4,124,2
61010,2017,general,mayor,369,0.016260162601626018,0.008130081300813009,0,0.7208672086720868,0.005420054200542005,0.24390243902439024,0.005420054200542005,6,3,0,266,2,90,2
61011,2017,general,mayor,317,0.028391167192429023,0.00946372239747634,0.0031545741324921135,0.580441640378549,0.00946372239747634,0.36908517350157727,0,9,3,1,184,3,117,0
61012,2017,general,mayor,567,0.02292768959435626,0.015873015873015872,0,0.3844797178130511,0.003527336860670194,0.5661375661375662,0.007054673721340388,13,9,0,218,2,321,4
61013,2017,general,mayor,318,0.025157232704402517,0.0031446540880503146,0.006289308176100629,0.5880503144654088,0.015723270440251572,0.3584905660377358,0.0031446540880503146,8,1,2,187,5,114,1
61014,2017,general,mayor,383,0.015665796344647518,0.005221932114882507,0,0.38903394255874674,0.005221932114882507,0.5796344647519582,0.005221932114882507,6,2,0,149,2,222,2
61015,2017,general,mayor,288,0.020833333333333332,0.003472222222222222,0.003472222222222222,0.4652777777777778,0,0.4965277777777778,0.010416666666666666,6,1,1,134,0,143,3
61016,2017,general,mayor,233,0.004291845493562232,0.004291845493562232,0,0.8497854077253219,0.004291845493562232,0.13733905579399142,0,1,1,0,198,1,32,0
61017,2017,general,mayor,263,0.015209125475285171,0.015209125475285171,0,0.7832699619771863,0,0.17490494296577946,0.011406844106463879,4,4,0,206,0,46,3
61018,2017,general,mayor,261,0.007662835249042145,0.01532567049808429,0,0.45977011494252873,0.022988505747126436,0.48659003831417624,0.007662835249042145,2,4,0,120,6,127,2
61019,2017,general,mayor,323,0.02476780185758514,0.009287925696594427,0,0.4582043343653251,0.018575851393188854,0.48297213622291024,0.006191950464396285,8,3,0,148,6,156,2
61020,2017,general,mayor,296,0.016891891891891893,0.010135135135135136,0.0033783783783783786,0.42905405405405406,0.0033783783783783786,0.5304054054054054,0.006756756756756757,5,3,1,127,1,157,2
61021,2017,general,mayor,257,0.01556420233463035,0.0038910505836575876,0,0.7626459143968871,0.007782101167315175,0.21011673151750973,0,4,1,0,196,2,54,0
61022,2017,general,mayor,309,0.009708737864077669,0,0,0.7152103559870551,0.006472491909385114,0.26537216828478966,0.003236245954692557,3,0,0,221,2,82,1
61023,2017,general,mayor,267,0.026217228464419477,0.011235955056179775,0,0.49063670411985016,0.026217228464419477,0.44569288389513106,0,7,3,0,131,7,119,0
61024,2017,general,mayor,358,0.0111731843575419,0.002793296089385475,0,0.3268156424581006,0.01675977653631285,0.6396648044692738,0.002793296089385475,4,1,0,117,6,229,1
61025,2017,general,mayor,336,0.01488095238095238,0.005952380952380952,0.005952380952380952,0.46130952380952384,0.002976190476190476,0.5059523809523809,0.002976190476190476,5,2,2,155,1,170,1
61026,2017,general,mayor,262,0.019083969465648856,0.007633587786259542,0,0.6641221374045801,0.011450381679389313,0.29389312977099236,0.003816793893129771,5,2,0,174,3,77,1
61027,2017,general,mayor,257,0.0038910505836575876,0.01556420233463035,0.0038910505836575876,0.5797665369649806,0.007782101167315175,0.38132295719844356,0.007782101167315175,1,4,1,149,2,98,2
61028,2017,general,mayor,190,0.010526315789473684,0.005263157894736842,0,0.6105263157894737,0.005263157894736842,0.3631578947368421,0.005263157894736842,2,1,0,116,1,69,1
61029,2017,general,mayor,305,0.03278688524590164,0.006557377049180328,0,0.3475409836065574,0.009836065573770493,0.5934426229508196,0.009836065573770493,10,2,0,106,3,181,3
61030,2017,general,mayor,294,0.003401360544217687,0,0.003401360544217687,0.4013605442176871,0.01020408163265306,0.5782312925170068,0.003401360544217687,1,0,1,118,3,170,1
61031,2017,general,mayor,282,0.0070921985815602835,0.0035460992907801418,0,0.6950354609929078,0.010638297872340425,0.28368794326241137,0,2,1,0,196,3,80,0
61032,2017,general,mayor,276,0.014492753623188406,0,0,0.6521739130434783,0.021739130434782608,0.3115942028985507,0,4,0,0,180,6,86,0
61033,2017,general,mayor,257,0.019455252918287938,0.0038910505836575876,0,0.6848249027237354,0.01556420233463035,0.26848249027237353,0.007782101167315175,5,1,0,176,4,69,2
61034,2017,general,mayor,392,0.01020408163265306,0.002551020408163265,0.002551020408163265,0.15816326530612246,0.02295918367346939,0.7959183673469388,0.007653061224489796,4,1,1,62,9,312,3
61035,2017,general,mayor,372,0.013440860215053764,0,0.002688172043010753,0.11827956989247312,0.002688172043010753,0.8575268817204301,0.005376344086021506,5,0,1,44,1,319,2
61036,2017,general,mayor,239,0.02092050209205021,0.012552301255230125,0,0.17573221757322174,0.0041841004184100415,0.7740585774058577,0.012552301255230125,5,3,0,42,1,185,3
61037,2017,general,mayor,382,0.010471204188481676,0.007853403141361256,0,0.4397905759162304,0.02356020942408377,0.5130890052356021,0.005235602094240838,4,3,0,168,9,196,2
61038,2017,general,mayor,469,0.029850746268656716,0.01279317697228145,0,0.26439232409381663,0.010660980810234541,0.6780383795309168,0.0042643923240938165,14,6,0,124,5,318,2
61039,2017,general,mayor,414,0.016908212560386472,0.004830917874396135,0,0.28019323671497587,0.004830917874396135,0.6908212560386473,0.0024154589371980675,7,2,0,116,2,286,1
61040,2017,general,mayor,463,0.02591792656587473,0.0021598272138228943,0.0021598272138228943,0.2634989200863931,0.012958963282937365,0.6846652267818575,0.008639308855291577,12,1,1,122,6,317,4
61041,2017,general,mayor,406,0.027093596059113302,0.007389162561576354,0,0.15763546798029557,0.012315270935960592,0.7931034482758621,0.0024630541871921183,11,3,0,64,5,322,1
61042,2017,general,mayor,541,0.0166358595194085,0.0036968576709796672,0.005545286506469501,0.24214417744916822,0.0166358595194085,0.711645101663586,0.0036968576709796672,9,2,3,131,9,385,2
61043,2017,general,mayor,361,0.024930747922437674,0.002770083102493075,0.002770083102493075,0.2077562326869806,0.0110803324099723,0.7479224376731302,0.002770083102493075,9,1,1,75,4,270,1
61044,2017,general,mayor,341,0.020527859237536656,0.005865102639296188,0,0.20234604105571846,0.02346041055718475,0.7390029325513197,0.008797653958944282,7,2,0,69,8,252,3
61045,2017,general,mayor,397,0.005037783375314861,0.0025188916876574307,0,0.16876574307304787,0.020151133501259445,0.801007556675063,0.0025188916876574307,2,1,0,67,8,318,1
61046,2017,general,mayor,406,0.024630541871921183,0.0049261083743842365,0.0024630541871921183,0.22167487684729065,0.009852216748768473,0.7266009852216748,0.009852216748768473,10,2,1,90,4,295,4
61047,2017,general,mayor,450,0.017777777777777778,0.0022222222222222222,0.0022222222222222222,0.13777777777777778,0.015555555555555555,0.8111111111111111,0.013333333333333334,8,1,1,62,7,365,6
61048,2017,general,mayor,480,0.0020833333333333333,0.0020833333333333333,0.0020833333333333333,0.12708333333333333,0.014583333333333334,0.85,0.0020833333333333333,1,1,1,61,7,408,1
61049,2017,general,mayor,153,0.032679738562091505,0.013071895424836602,0,0.7058823529411765,0.013071895424836602,0.2222222222222222,0.013071895424836602,5,2,0,108,2,34,2
61050,2017,general,mayor,190,0.005263157894736842,0,0,0.6789473684210526,0.015789473684210527,0.3,0,1,0,0,129,3,57,0
61051,2017,general,mayor,282,0.010638297872340425,0.02127659574468085,0,0.6276595744680851,0.0070921985815602835,0.3262411347517731,0.0070921985815602835,3,6,0,177,2,92,2
61052,2017,general,mayor,255,0.011764705882352941,0.00784313725490196,0.00392156862745098,0.43529411764705883,0.00784313725490196,0.5294117647058824,0.00392156862745098,3,2,1,111,2,135,1
61053,2017,general,mayor,239,0.012552301255230125,0.016736401673640166,0,0.8744769874476988,0.008368200836820083,0.08786610878661087,0,3,4,0,209,2,21,0
61054,2017,general,mayor,205,0.02926829268292683,0.024390243902439025,0.00975609756097561,0.6487804878048781,0.00975609756097561,0.2731707317073171,0.004878048780487805,6,5,2,133,2,56,1
61055,2017,general,mayor,250,0.008,0.004,0,0.84,0.004,0.144,0,2,1,0,210,1,36,0
61056,2017,general,mayor,239,0.016736401673640166,0.012552301255230125,0,0.7866108786610879,0.0041841004184100415,0.17573221757322174,0.0041841004184100415,4,3,0,188,1,42,1
61057,2017,general,mayor,335,0.03880597014925373,0.0029850746268656717,0,0.48656716417910445,0.014925373134328358,0.4537313432835821,0.0029850746268656717,13,1,0,163,5,152,1
61058,2017,general,mayor,205,0,0.00975609756097561,0,0.9609756097560975,0.00975609756097561,0.01951219512195122,0,0,2,0,197,2,4,0
61059,2017,general,mayor,225,0.0044444444444444444,0.008888888888888889,0,0.8666666666666667,0,0.12,0,1,2,0,195,0,27,0
61060,2017,general,mayor,199,0.010050251256281407,0.005025125628140704,0,0.5628140703517588,0,0.4120603015075377,0.010050251256281407,2,1,0,112,0,82,2
61061,2017,general,mayor,225,0,0.0044444444444444444,0,0.9466666666666667,0.008888888888888889,0.035555555555555556,0.0044444444444444444,0,1,0,213,2,8,1
61062,2017,general,mayor,282,0.010638297872340425,0.0035460992907801418,0.0035460992907801418,0.25177304964539005,0.0070921985815602835,0.723404255319149,0,3,1,1,71,2,204,0
61063,2017,general,mayor,110,0.01818181818181818,0,0,0.35454545454545455,0.01818181818181818,0.6090909090909091,0,2,0,0,39,2,67,0
61064,2017,general,mayor,97,0.030927835051546393,0.010309278350515464,0,0.6597938144329897,0,0.27835051546391754,0.020618556701030927,3,1,0,64,0,27,2
61065,2017,general,mayor,276,0.021739130434782608,0.018115942028985508,0,0.717391304347826,0.010869565217391304,0.22826086956521738,0.0036231884057971015,6,5,0,198,3,63,1
61066,2017,general,mayor,255,0.00784313725490196,0.00392156862745098,0.00392156862745098,0.5686274509803921,0.0196078431372549,0.37254901960784315,0.023529411764705882,2,1,1,145,5,95,6
61067,2017,general,mayor,285,0.010526315789473684,0.017543859649122806,0,0.5824561403508772,0.0035087719298245615,0.3824561403508772,0.0035087719298245615,3,5,0,166,1,109,1
61068,2017,general,mayor,227,0.01762114537444934,0.00881057268722467,0.00881057268722467,0.6211453744493393,0.02643171806167401,0.29515418502202645,0.022026431718061675,4,2,2,141,6,67,5
61069,2017,general,mayor,239,0.008368200836820083,0.008368200836820083,0,0.694560669456067,0,0.28870292887029286,0,2,2,0,166,0,69,0
61070,2017,general,mayor,156,0.00641025641025641,0.01282051282051282,0.00641025641025641,0.9358974358974359,0,0.038461538461538464,0,1,2,1,146,0,6,0
61071,2017,general,mayor,371,0.018867924528301886,0.0026954177897574125,0.0026954177897574125,0.2371967654986523,0.018867924528301886,0.71698113207547165,0.0026954177897574125,7,1,1,88,7,266,1
61072,2017,general,mayor,307,0.009771986970684038,0.003257328990228013,0,0.3355048859934853,0.006514657980456026,0.6416938110749185,0.003257328990228013,3,1,0,103,2,197,1
61073,2017,general,mayor,280,0,0.0035714285714285713,0.010714285714285714,0.8607142857142858,0,0.12142857142857143,0.0035714285714285713,0,1,3,241,0,34,1
61074,2017,general,mayor,147,0.013605442176870748,0.013605442176870748,0,0.7414965986394558,0.006802721088435374,0.22448979591836735,0,2,2,0,109,1,33,0
61075,2017,general,mayor,207,0.01932367149758454,0.014492753623188406,0,0.5410628019323671,0.004830917874396135,0.42028985507246375,0,4,3,0,112,1,87,0
61076,2017,general,mayor,345,0.011594202898550725,0.014492753623188406,0,0.4608695652173913,0.011594202898550725,0.4985507246376812,0.002898550724637681,4,5,0,159,4,172,1
61077,2017,general,mayor,168,0.017857142857142856,0.017857142857142856,0.005952380952380952,0.8273809523809523,0.005952380952380952,0.10714285714285714,0.017857142857142856,3,3,1,139,1,18,3
61078,2017,general,mayor,115,0.008695652173913044,0.02608695652173913,0,0.7130434782608696,0.017391304347826087,0.22608695652173913,0.008695652173913044,1,3,0,82,2,26,1
61079,2017,general,mayor,0,NaN,NaN,NaN,NaN,NaN,NaN,NaN,0,0,0,0,0,0,0
62001,2017,general,mayor,387,0.00516795865633075,0,0.002583979328165375,0.12403100775193798,0.007751937984496124,0.8578811369509044,0.002583979328165375,2,0,1,48,3,332,1
62002,2017,general,mayor,502,0.00796812749003984,0.00199203187250996,0.00199203187250996,0.09760956175298804,0.013944223107569721,0.8705179282868526,0.00597609561752988,4,1,1,49,7,437,3
62003,2017,general,mayor,356,0.016853932584269662,0,0,0.12078651685393259,0.014044943820224719,0.848314606741573,0,6,0,0,43,5,302,0
62004,2017,general,mayor,406,0.007389162561576354,0.007389162561576354,0.0024630541871921183,0.11083743842364532,0.0049261083743842365,0.8669950738916257,0,3,3,1,45,2,352,0
62005,2017,general,mayor,382,0.007853403141361256,0.002617801047120419,0.002617801047120419,0.08638743455497382,0.031413612565445025,0.8664921465968587,0.002617801047120419,3,1,1,33,12,331,1
62006,2017,general,mayor,342,0.02046783625730994,0.005847953216374269,0,0.19005847953216373,0.023391812865497075,0.7514619883040936,0.008771929824561403,7,2,0,65,8,257,3
62007,2017,general,mayor,418,0.011961722488038277,0,0.007177033492822967,0.12440191387559808,0.03349282296650718,0.8229665071770335,0,5,0,3,52,14,344,0
62008,2017,general,mayor,314,0.006369426751592357,0,0,0.15286624203821655,0.0031847133757961785,0.8375796178343949,0,2,0,0,48,1,263,0
62009,2017,general,mayor,232,0.017241379310344827,0,0,0.15086206896551724,0.017241379310344827,0.8103448275862069,0.004310344827586207,4,0,0,35,4,188,1
62010,2017,general,mayor,253,0.007905138339920948,0.003952569169960474,0,0.11067193675889328,0.007905138339920948,0.8695652173913043,0,2,1,0,28,2,220,0
62011,2017,general,mayor,370,0.005405405405405406,0.002702702702702703,0.002702702702702703,0.14054054054054055,0.008108108108108109,0.8405405405405405,0,2,1,1,52,3,311,0
62012,2017,general,mayor,265,0.011320754716981131,0.007547169811320755,0,0.13584905660377358,0.011320754716981131,0.8188679245283019,0.01509433962264151,3,2,0,36,3,217,4
62013,2017,general,mayor,367,0.01634877384196185,0.01634877384196185,0,0.1553133514986376,0.02452316076294278,0.7874659400544959,0,6,6,0,57,9,289,0
62014,2017,general,mayor,237,0.016877637130801686,0,0,0.13924050632911392,0.02109704641350211,0.8185654008438819,0.004219409282700422,4,0,0,33,5,194,1
62015,2017,general,mayor,376,0.023936170212765957,0,0.005319148936170213,0.14361702127659576,0.013297872340425532,0.8031914893617021,0.010638297872340425,9,0,2,54,5,302,4
62016,2017,general,mayor,369,0.016260162601626018,0.0027100271002710027,0.0027100271002710027,0.17344173441734417,0.008130081300813009,0.7859078590785907,0.01084010840108401,6,1,1,64,3,290,4
62017,2017,general,mayor,285,0,0,0.0035087719298245615,0.12982456140350876,0.031578947368421054,0.8350877192982457,0,0,0,1,37,9,238,0
62018,2017,general,mayor,275,0.01818181818181818,0.0036363636363636364,0,0.13090909090909092,0.01818181818181818,0.8290909090909091,0,5,1,0,36,5,228,0
62019,2017,general,mayor,317,0.015772870662460567,0.0031545741324921135,0.0031545741324921135,0.11987381703470032,0.03785488958990536,0.8138801261829653,0.006309148264984227,5,1,1,38,12,258,2
62020,2017,general,mayor,394,0.012690355329949238,0,0,0.09390862944162437,0,0.8934010152284264,0,5,0,0,37,0,352,0
62021,2017,general,mayor,411,0.0072992700729927005,0.0024330900243309003,0.0024330900243309003,0.08759124087591241,0.024330900243309004,0.8759124087591241,0,3,1,1,36,10,360,0
62022,2017,general,mayor,408,0.012254901960784314,0.0024509803921568627,0,0.11519607843137254,0.004901960784313725,0.8651960784313726,0,5,1,0,47,2,353,0
62023,2017,general,mayor,342,0.014619883040935672,0,0,0.09649122807017543,0.008771929824561403,0.8801169590643275,0,5,0,0,33,3,301,0
62024,2017,general,mayor,286,0.006993006993006993,0,0.0034965034965034965,0.24125874125874125,0.017482517482517484,0.7307692307692307,0,2,0,1,69,5,209,0
62025,2017,general,mayor,339,0.014749262536873156,0.0029498525073746312,0,0.08259587020648967,0.0058997050147492625,0.8908554572271387,0.0029498525073746312,5,1,0,28,2,302,1
62026,2017,general,mayor,371,0.026954177897574125,0.0026954177897574125,0.0026954177897574125,0.22911051212938005,0.008086253369272238,0.7304582210242587,0,10,1,1,85,3,271,0
62027,2017,general,mayor,437,0.018306636155606407,0.002288329519450801,0.002288329519450801,0.13043478260869565,0.011441647597254004,0.8329519450800915,0.002288329519450801,8,1,1,57,5,364,1
62028,2017,general,mayor,368,0.01358695652173913,0.002717391304347826,0,0.1358695652173913,0.005434782608695652,0.842391304347826,0,5,1,0,50,2,310,0
62029,2017,general,mayor,274,0.010948905109489052,0,0.0036496350364963502,0.145985401459854,0.01824817518248175,0.8211678832116789,0,3,0,1,40,5,225,0
62030,2017,general,mayor,337,0.008902077151335312,0.002967359050445104,0,0.12166172106824925,0.01483679525222552,0.8516320474777448,0,3,1,0,41,5,287,0
62031,2017,general,mayor,396,0.025252525252525252,0.0025252525252525255,0.005050505050505051,0.13383838383838384,0.010101010101010102,0.8181818181818182,0.005050505050505051,10,1,2,53,4,324,2
62032,2017,general,mayor,366,0.01092896174863388,0,0,0.11748633879781421,0.01092896174863388,0.860655737704918,0,4,0,0,43,4,315,0
62033,2017,general,mayor,370,0.013513513513513514,0.002702702702702703,0,0.10270270270270271,0.013513513513513514,0.8675675675675676,0,5,1,0,38,5,321,0
62034,2017,general,mayor,404,0.009900990099009901,0.0024752475247524753,0.0049504950495049506,0.1188118811881188,0.01485148514851485,0.844059405940594,0.0049504950495049506,4,1,2,48,6,341,2
62035,2017,general,mayor,347,0.01440922190201729,0.002881844380403458,0,0.09798270893371758,0.01729106628242075,0.8674351585014409,0,5,1,0,34,6,301,0
62036,2017,general,mayor,328,0.027439024390243903,0.009146341463414634,0,0.12804878048780488,0.003048780487804878,0.8262195121951219,0.006097560975609756,9,3,0,42,1,271,2
62037,2017,general,mayor,433,0.011547344110854504,0.004618937644341801,0,0.11085450346420324,0.006928406466512702,0.859122401847575,0.006928406466512702,5,2,0,48,3,372,3
62038,2017,general,mayor,459,0.006535947712418301,0.002178649237472767,0,0.1394335511982571,0.013071895424836602,0.8387799564270153,0,3,1,0,64,6,385,0
62039,2017,general,mayor,469,0.017057569296375266,0,0,0.09808102345415778,0.01279317697228145,0.8635394456289979,0.008528784648187633,8,0,0,46,6,405,4
62040,2017,general,mayor,423,0.009456264775413711,0,0,0.10401891252955082,0.004728132387706856,0.8817966903073287,0,4,0,0,44,2,373,0
62041,2017,general,mayor,382,0.02356020942408377,0,0,0.13089005235602094,0.007853403141361256,0.837696335078534,0,9,0,0,50,3,320,0
62042,2017,general,mayor,401,0.012468827930174564,0,0.0024937655860349127,0.14713216957605985,0.032418952618453865,0.8029925187032418,0.0024937655860349127,5,0,1,59,13,322,1
62043,2017,general,mayor,400,0.015,0.0075,0.005,0.105,0.0175,0.8475,0.0025,6,3,2,42,7,339,1
62044,2017,general,mayor,387,0.015503875968992248,0.002583979328165375,0,0.12403100775193798,0.015503875968992248,0.834625322997416,0.007751937984496124,6,1,0,48,6,323,3
62045,2017,general,mayor,349,0.011461318051575931,0.0028653295128939827,0,0.07449856733524356,0.008595988538681949,0.8968481375358166,0.0057306590257879654,4,1,0,26,3,313,2
62046,2017,general,mayor,479,0.008350730688935281,0.008350730688935281,0.0020876826722338203,0.07515657620041753,0.014613778705636743,0.8789144050104384,0.012526096033402923,4,4,1,36,7,421,6
62047,2017,general,mayor,418,0.011961722488038277,0.0023923444976076554,0,0.11722488038277512,0.009569377990430622,0.8564593301435407,0.0023923444976076554,5,1,0,49,4,358,1
62048,2017,general,mayor,333,0.012012012012012012,0,0,0.15615615615615616,0.009009009009009009,0.8168168168168168,0.006006006006006006,4,0,0,52,3,272,2
62049,2017,general,mayor,437,0.009153318077803204,0,0,0.18306636155606407,0.011441647597254004,0.7963386727688787,0,4,0,0,80,5,348,0
62050,2017,general,mayor,455,0.008791208791208791,0,0.006593406593406593,0.11868131868131868,0.015384615384615385,0.8483516483516483,0.002197802197802198,4,0,3,54,7,386,1
62051,2017,general,mayor,398,0.020100502512562814,0.005025125628140704,0.005025125628140704,0.16834170854271358,0.007537688442211055,0.7914572864321608,0.002512562814070352,8,2,2,67,3,315,1
62052,2017,general,mayor,458,0.006550218340611353,0.010917030567685589,0.002183406113537118,0.1222707423580786,0.008733624454148471,0.8493449781659389,0,3,5,1,56,4,389,0
62053,2017,general,mayor,463,0.01079913606911447,0.0021598272138228943,0.0064794816414686825,0.12958963282937366,0.028077753779697623,0.8228941684665226,0,5,1,3,60,13,381,0
62054,2017,general,mayor,362,0.016574585635359115,0.0055248618784530384,0,0.16022099447513813,0.027624309392265192,0.7900552486187845,0,6,2,0,58,10,286,0
62055,2017,general,mayor,462,0.017316017316017316,0.0021645021645021645,0.0021645021645021645,0.12554112554112554,0.01948051948051948,0.829004329004329,0.004329004329004329,8,1,1,58,9,383,2
62056,2017,general,mayor,355,0.016901408450704224,0.0028169014084507044,0,0.18591549295774648,0.022535211267605635,0.7549295774647887,0.016901408450704224,6,1,0,66,8,268,6
62057,2017,general,mayor,424,0.009433962264150943,0,0.0023584905660377358,0.14858490566037735,0.009433962264150943,0.8278301886792453,0.0023584905660377358,4,0,1,63,4,351,1
62058,2017,general,mayor,416,0.021634615384615384,0.004807692307692308,0,0.12259615384615384,0.026442307692307692,0.8221153846153846,0.002403846153846154,9,2,0,51,11,342,1
62059,2017,general,mayor,357,0.014005602240896359,0.0056022408963585435,0,0.14565826330532214,0.01680672268907563,0.8095238095238095,0.008403361344537815,5,2,0,52,6,289,3
62060,2017,general,mayor,440,0.01818181818181818,0.006818181818181818,0.0022727272727272726,0.19318181818181818,0.013636363636363636,0.7613636363636364,0.004545454545454545,8,3,1,85,6,335,2
62061,2017,general,mayor,476,0.014705882352941176,0.004201680672268907,0,0.13445378151260504,0.0021008403361344537,0.8403361344537815,0.004201680672268907,7,2,0,64,1,400,2
62062,2017,general,mayor,430,0.020930232558139535,0,0.002325581395348837,0.14186046511627906,0.009302325581395349,0.8232558139534883,0.002325581395348837,9,0,1,61,4,354,1
62063,2017,general,mayor,278,0.014388489208633094,0.0035971223021582736,0,0.18345323741007194,0.007194244604316547,0.7913669064748201,0,4,1,0,51,2,220,0
62064,2017,general,mayor,218,0.022935779816513763,0.0045871559633027525,0,0.15137614678899083,0.013761467889908258,0.8073394495412844,0,5,1,0,33,3,176,0
62065,2017,general,mayor,470,0.01276595744680851,0.002127659574468085,0,0.125531914893617,0.00425531914893617,0.8468085106382979,0.00851063829787234,6,1,0,59,2,398,4
62066,2017,general,mayor,406,0.012315270935960592,0.0024630541871921183,0,0.09359605911330049,0.007389162561576354,0.8817733990147784,0.0024630541871921183,5,1,0,38,3,358,1
62067,2017,general,mayor,447,0.015659955257270694,0.0022371364653243847,0.0022371364653243847,0.11409395973154363,0.024608501118568233,0.8389261744966443,0.0022371364653243847,7,1,1,51,11,375,1
62068,2017,general,mayor,398,0.020100502512562814,0.01256281407035176,0.002512562814070352,0.18341708542713567,0.020100502512562814,0.7587939698492462,0.002512562814070352,8,5,1,73,8,302,1
62069,2017,general,mayor,348,0.028735632183908046,0,0.0028735632183908046,0.14080459770114942,0.014367816091954023,0.8132183908045977,0,10,0,1,49,5,283,0
62070,2017,general,mayor,217,0.04608294930875576,0,0.004608294930875576,0.16129032258064516,0.009216589861751152,0.7788018433179723,0,10,0,1,35,2,169,0
62071,2017,general,mayor,392,0.02806122448979592,0,0.00510204081632653,0.1326530612244898,0.012755102040816327,0.8137755102040817,0.007653061224489796,11,0,2,52,5,319,3
62072,2017,general,mayor,289,0.020761245674740483,0,0,0.1384083044982699,0.006920415224913495,0.8304498269896193,0.0034602076124567475,6,0,0,40,2,240,1
62073,2017,general,mayor,391,0.0076726342710997444,0,0.005115089514066497,0.1815856777493606,0.01278772378516624,0.7928388746803069,0,3,0,2,71,5,310,0
62074,2017,general,mayor,472,0.00423728813559322,0.00211864406779661,0,0.08686440677966102,0.012711864406779662,0.8919491525423728,0.00211864406779661,2,1,0,41,6,421,1
62075,2017,general,mayor,351,0.008547008547008548,0.008547008547008548,0.002849002849002849,0.11965811965811966,0.03133903133903134,0.8205128205128205,0.008547008547008548,3,3,1,42,11,288,3
62076,2017,general,mayor,371,0.0026954177897574125,0,0,0.08086253369272237,0.02425876010781671,0.8921832884097035,0,1,0,0,30,9,331,0
62077,2017,general,mayor,423,0.009456264775413711,0.002364066193853428,0,0.1111111111111111,0.004728132387706856,0.8699763593380615,0.002364066193853428,4,1,0,47,2,368,1
62078,2017,general,mayor,400,0.0125,0.0025,0,0.095,0.0075,0.8825,0,5,1,0,38,3,353,0
62079,2017,general,mayor,217,0.013824884792626729,0,0,0.11981566820276497,0.027649769585253458,0.8387096774193549,0,3,0,0,26,6,182,0
62080,2017,general,mayor,348,0.005747126436781609,0.005747126436781609,0,0.15517241379310345,0.011494252873563218,0.8218390804597702,0,2,2,0,54,4,286,0
62081,2017,general,mayor,350,0.014285714285714285,0,0.005714285714285714,0.10571428571428572,0.022857142857142857,0.8514285714285714,0,5,0,2,37,8,298,0
62082,2017,general,mayor,387,0.012919896640826873,0.002583979328165375,0.002583979328165375,0.10335917312661498,0.01808785529715762,0.8578811369509044,0.002583979328165375,5,1,1,40,7,332,1
62083,2017,general,mayor,354,0.022598870056497175,0.002824858757062147,0,0.09887005649717515,0.011299435028248588,0.864406779661017,0,8,1,0,35,4,306,0
62084,2017,general,mayor,403,0.007444168734491315,0.0024813895781637717,0.0024813895781637717,0.08188585607940446,0.007444168734491315,0.8933002481389578,0.004962779156327543,3,1,1,33,3,360,2
62085,2017,general,mayor,348,0.0028735632183908046,0.0028735632183908046,0.0028735632183908046,0.1925287356321839,0.014367816091954023,0.7787356321839081,0.005747126436781609,1,1,1,67,5,271,2
62086,2017,general,mayor,355,0.01971830985915493,0,0,0.1352112676056338,0.014084507042253521,0.8309859154929577,0,7,0,0,48,5,295,0
62087,2017,general,mayor,0,NaN,NaN,NaN,NaN,NaN,NaN,NaN,0,0,0,0,0,0,0
63001,2017,general,mayor,414,0.016908212560386472,0,0.004830917874396135,0.1642512077294686,0.01932367149758454,0.7898550724637681,0.004830917874396135,7,0,2,68,8,327,2
63002,2017,general,mayor,360,0.030555555555555555,0.011111111111111112,0,0.33611111111111114,0.019444444444444445,0.6,0.002777777777777778,11,4,0,121,7,216,1
63003,2017,general,mayor,269,0.02973977695167286,0,0.0037174721189591076,0.3159851301115242,0.01486988847583643,0.6356877323420075,0,8,0,1,85,4,171,0
63004,2017,general,mayor,387,0.012919896640826873,0.002583979328165375,0.002583979328165375,0.14728682170542637,0.007751937984496124,0.8268733850129198,0,5,1,1,57,3,320,0
63005,2017,general,mayor,343,0.023323615160349854,0.0029154518950437317,0,0.13994169096209913,0.014577259475218658,0.8104956268221575,0.008746355685131196,8,1,0,48,5,278,3
63006,2017,general,mayor,360,0.016666666666666666,0.002777777777777778,0,0.18333333333333332,0.013888888888888888,0.7833333333333333,0,6,1,0,66,5,282,0
63007,2017,general,mayor,230,0.008695652173913044,0.008695652173913044,0,0.33043478260869563,0.021739130434782608,0.6304347826086957,0,2,2,0,76,5,145,0
63008,2017,general,mayor,294,0.023809523809523808,0.003401360544217687,0.01020408163265306,0.17687074829931973,0.013605442176870748,0.7619047619047619,0.01020408163265306,7,1,3,52,4,224,3
63009,2017,general,mayor,29,0,0,0,0.10344827586206896,0,0.896551724137931,0,0,0,0,3,0,26,0
63010,2017,general,mayor,179,0.0446927374301676,0.0111731843575419,0,0.441340782122905,0.01675977653631285,0.4860335195530726,0,8,2,0,79,3,87,0
63011,2017,general,mayor,291,0.010309278350515464,0.006872852233676976,0,0.27147766323024053,0.003436426116838488,0.7079037800687286,0,3,2,0,79,1,206,0
63012,2017,general,mayor,214,0.009345794392523364,0,0,0.2803738317757009,0.014018691588785047,0.6869158878504673,0.009345794392523364,2,0,0,60,3,147,2
63013,2017,general,mayor,287,0.024390243902439025,0.006968641114982578,0.010452961672473868,0.3344947735191638,0.013937282229965157,0.6097560975609756,0,7,2,3,96,4,175,0
63014,2017,general,mayor,247,0.016194331983805668,0.008097165991902834,0,0.3157894736842105,0.016194331983805668,0.6437246963562753,0,4,2,0,78,4,159,0
63015,2017,general,mayor,328,0.024390243902439025,0.003048780487804878,0,0.22560975609756098,0.018292682926829267,0.7225609756097561,0.006097560975609756,8,1,0,74,6,237,2
63016,2017,general,mayor,201,0.009950248756218905,0.004975124378109453,0.004975124378109453,0.263681592039801,0.004975124378109453,0.6915422885572139,0.01990049751243781,2,1,1,53,1,139,4
63017,2017,general,mayor,107,0.018691588785046728,0.018691588785046728,0,0.32710280373831774,0.009345794392523364,0.6261682242990654,0,2,2,0,35,1,67,0
63018,2017,general,mayor,384,0.015625,0.0026041666666666665,0,0.20572916666666666,0.0234375,0.7473958333333334,0.005208333333333333,6,1,0,79,9,287,2
63019,2017,general,mayor,272,0.003676470588235294,0,0.011029411764705883,0.21323529411764705,0.025735294117647058,0.7426470588235294,0.003676470588235294,1,0,3,58,7,202,1
63020,2017,general,mayor,240,0.025,0,0,0.25833333333333336,0.029166666666666667,0.6875,0,6,0,0,62,7,165,0
63021,2017,general,mayor,258,0.015503875968992248,0.003875968992248062,0,0.16666666666666666,0.01937984496124031,0.7945736434108527,0,4,1,0,43,5,205,0
63022,2017,general,mayor,277,0.02527075812274368,0,0.0036101083032490976,0.26714801444043323,0.02527075812274368,0.6750902527075813,0.0036101083032490976,7,0,1,74,7,187,1
63023,2017,general,mayor,275,0.03272727272727273,0.0036363636363636364,0.007272727272727273,0.2,0.01090909090909091,0.7381818181818182,0.007272727272727273,9,1,2,55,3,203,2
63024,2017,general,mayor,294,0.027210884353741496,0.003401360544217687,0,0.2925170068027211,0.013605442176870748,0.6496598639455783,0.013605442176870748,8,1,0,86,4,191,4
63025,2017,general,mayor,220,0.004545454545454545,0,0,0.22727272727272727,0.01818181818181818,0.75,0,1,0,0,50,4,165,0
63026,2017,general,mayor,328,0.003048780487804878,0.006097560975609756,0,0.19817073170731708,0.018292682926829267,0.774390243902439,0,1,2,0,65,6,254,0
63027,2017,general,mayor,289,0.01384083044982699,0.006920415224913495,0,0.1972318339100346,0.031141868512110725,0.740484429065744,0.010380622837370242,4,2,0,57,9,214,3
63028,2017,general,mayor,288,0.020833333333333332,0.006944444444444444,0.003472222222222222,0.1909722222222222,0.010416666666666666,0.7638888888888888,0.003472222222222222,6,2,1,55,3,220,1
63029,2017,general,mayor,335,0.008955223880597015,0.011940298507462687,0.0029850746268656717,0.20298507462686566,0.005970149253731343,0.7582089552238805,0.008955223880597015,3,4,1,68,2,254,3
63030,2017,general,mayor,264,0.022727272727272728,0.007575757575757576,0.003787878787878788,0.24242424242424243,0.007575757575757576,0.7121212121212122,0.003787878787878788,6,2,1,64,2,188,1
63031,2017,general,mayor,313,0.02875399361022364,0.006389776357827476,0.012779552715654952,0.2715654952076677,0.006389776357827476,0.6741214057507987,0,9,2,4,85,2,211,0
63032,2017,general,mayor,362,0.011049723756906077,0.0027624309392265192,0.0027624309392265192,0.2541436464088398,0.03038674033149171,0.6988950276243094,0,4,1,1,92,11,253,0
63033,2017,general,mayor,436,0.022935779816513763,0,0,0.17889908256880735,0.016055045871559634,0.7775229357798165,0.0045871559633027525,10,0,0,78,7,339,2
63034,2017,general,mayor,403,0.004962779156327543,0.0024813895781637717,0.004962779156327543,0.13895781637717122,0.004962779156327543,0.8411910669975186,0.0024813895781637717,2,1,2,56,2,339,1
63035,2017,general,mayor,465,0.02795698924731183,0.004301075268817204,0,0.12903225806451613,0.012903225806451613,0.8236559139784946,0.002150537634408602,13,2,0,60,6,383,1
63036,2017,general,mayor,434,0.027649769585253458,0,0,0.2511520737327189,0.009216589861751152,0.7027649769585254,0.009216589861751152,12,0,0,109,4,305,4
63037,2017,general,mayor,290,0.017241379310344827,0.006896551724137931,0,0.4827586206896552,0.010344827586206896,0.4793103448275862,0.0034482758620689655,5,2,0,140,3,139,1
63038,2017,general,mayor,308,0.012987012987012988,0.003246753246753247,0,0.5584415584415584,0.01948051948051948,0.4025974025974026,0.003246753246753247,4,1,0,172,6,124,1
63039,2017,general,mayor,211,0.02843601895734597,0.004739336492890996,0,0.6635071090047393,0.018957345971563982,0.2796208530805687,0.004739336492890996,6,1,0,140,4,59,1
63040,2017,general,mayor,181,0.011049723756906077,0,0,0.712707182320442,0.011049723756906077,0.2596685082872928,0.0055248618784530384,2,0,0,129,2,47,1
63041,2017,general,mayor,139,0,0.014388489208633094,0,0.8345323741007195,0.014388489208633094,0.1223021582733813,0.014388489208633094,0,2,0,116,2,17,2
63042,2017,general,mayor,162,0.006172839506172839,0.018518518518518517,0,0.9074074074074074,0,0.06790123456790123,0,1,3,0,147,0,11,0
63043,2017,general,mayor,286,0,0.006993006993006993,0,0.8321678321678322,0.01048951048951049,0.15034965034965034,0,0,2,0,238,3,43,0
63044,2017,general,mayor,279,0.014336917562724014,0,0,0.8279569892473119,0.007168458781362007,0.15053763440860216,0,4,0,0,231,2,42,0
63045,2017,general,mayor,183,0.01092896174863388,0.01092896174863388,0,0.8360655737704918,0,0.1366120218579235,0.00546448087431694,2,2,0,153,0,25,1
63046,2017,general,mayor,367,0.013623978201634877,0.0027247956403269754,0.0027247956403269754,0.18256130790190736,0.01634877384196185,0.773841961852861,0.008174386920980926,5,1,1,67,6,284,3
63047,2017,general,mayor,342,0.008771929824561403,0,0.0029239766081871343,0.2222222222222222,0.008771929824561403,0.7543859649122807,0.0029239766081871343,3,0,1,76,3,258,1
63048,2017,general,mayor,319,0.03761755485893417,0,0,0.16300940438871472,0.003134796238244514,0.7931034482758621,0.003134796238244514,12,0,0,52,1,253,1
63049,2017,general,mayor,387,0.015503875968992248,0.0103359173126615,0,0.16279069767441862,0.0103359173126615,0.7984496124031008,0.002583979328165375,6,4,0,63,4,309,1
63050,2017,general,mayor,343,0.023323615160349854,0.0058309037900874635,0.0058309037900874635,0.24198250728862974,0.014577259475218658,0.7055393586005831,0.0029154518950437317,8,2,2,83,5,242,1
63051,2017,general,mayor,329,0.00911854103343465,0,0,0.22796352583586627,0.0364741641337386,0.7173252279635258,0.00911854103343465,3,0,0,75,12,236,3
63052,2017,general,mayor,252,0.007936507936507936,0,0,0.1984126984126984,0.015873015873015872,0.7738095238095238,0.003968253968253968,2,0,0,50,4,195,1
63053,2017,general,mayor,319,0.009404388714733543,0,0,0.30407523510971785,0.02821316614420063,0.658307210031348,0,3,0,0,97,9,210,0
63054,2017,general,mayor,358,0.01675977653631285,0.008379888268156424,0,0.329608938547486,0.008379888268156424,0.6312849162011173,0.00558659217877095,6,3,0,118,3,226,2
63055,2017,general,mayor,280,0.02142857142857143,0.007142857142857143,0.0035714285714285713,0.25357142857142856,0.014285714285714285,0.6892857142857143,0.010714285714285714,6,2,1,71,4,193,3
63056,2017,general,mayor,220,0.00909090909090909,0,0,0.39545454545454545,0.004545454545454545,0.5909090909090909,0,2,0,0,87,1,130,0
63057,2017,general,mayor,360,0.013888888888888888,0,0,0.28055555555555556,0.013888888888888888,0.6805555555555556,0.011111111111111112,5,0,0,101,5,245,4
63058,2017,general,mayor,329,0.00911854103343465,0.00911854103343465,0,0.2887537993920973,0.0060790273556231,0.6808510638297872,0.0060790273556231,3,3,0,95,2,224,2
63059,2017,general,mayor,362,0.013812154696132596,0,0.0027624309392265192,0.19889502762430938,0.0027624309392265192,0.7817679558011049,0,5,0,1,72,1,283,0
63060,2017,general,mayor,234,0.017094017094017096,0.008547008547008548,0.004273504273504274,0.2264957264957265,0.008547008547008548,0.7350427350427351,0,4,2,1,53,2,172,0
63061,2017,general,mayor,333,0.024024024024024024,0.006006006006006006,0.006006006006006006,0.3333333333333333,0.021021021021021023,0.6066066066066066,0.003003003003003003,8,2,2,111,7,202,1
63062,2017,general,mayor,295,0.006779661016949152,0.003389830508474576,0.003389830508474576,0.18305084745762712,0.010169491525423728,0.7898305084745763,0.003389830508474576,2,1,1,54,3,233,1
63063,2017,general,mayor,506,0.021739130434782608,0.001976284584980237,0,0.17588932806324112,0.015810276679841896,0.7727272727272727,0.011857707509881422,11,1,0,89,8,391,6
63064,2017,general,mayor,464,0.015086206896551725,0.00646551724137931,0,0.1939655172413793,0.004310344827586207,0.7801724137931034,0,7,3,0,90,2,362,0
63065,2017,general,mayor,427,0.02107728337236534,0.00702576112412178,0,0.21779859484777517,0.0351288056206089,0.7189695550351288,0,9,3,0,93,15,307,0
63066,2017,general,mayor,460,0.015217391304347827,0.013043478260869565,0.002173913043478261,0.1826086956521739,0.010869565217391304,0.7673913043478261,0.008695652173913044,7,6,1,84,5,353,4
63067,2017,general,mayor,455,0.026373626373626374,0.002197802197802198,0,0.1824175824175824,0.008791208791208791,0.778021978021978,0.002197802197802198,12,1,0,83,4,354,1
63068,2017,general,mayor,90,0.022222222222222223,0,0.011111111111111112,0.6,0,0.36666666666666664,0,2,0,1,54,0,33,0
63069,2017,general,mayor,300,0,0.0033333333333333335,0.006666666666666667,0.27,0.02,0.6966666666666667,0.0033333333333333335,0,1,2,81,6,209,1
63070,2017,general,mayor,179,0.00558659217877095,0,0,0.2737430167597765,0.0335195530726257,0.6871508379888268,0,1,0,0,49,6,123,0
63071,2017,general,mayor,183,0.01092896174863388,0.01092896174863388,0,0.7431693989071039,0.00546448087431694,0.22950819672131148,0,2,2,0,136,1,42,0
63072,2017,general,mayor,364,0.024725274725274724,0.008241758241758242,0,0.20604395604395603,0,0.7554945054945055,0.005494505494505495,9,3,0,75,0,275,2
63073,2017,general,mayor,344,0.020348837209302327,0.00872093023255814,0.0029069767441860465,0.25290697674418605,0.00872093023255814,0.7063953488372093,0,7,3,1,87,3,243,0
63074,2017,general,mayor,211,0.04739336492890995,0.009478672985781991,0,0.27488151658767773,0.014218009478672985,0.6445497630331753,0.009478672985781991,10,2,0,58,3,136,2
63075,2017,general,mayor,171,0.005847953216374269,0.011695906432748537,0,0.6257309941520468,0.005847953216374269,0.34502923976608185,0.005847953216374269,1,2,0,107,1,59,1
63076,2017,general,mayor,328,0.01524390243902439,0,0,0.22560975609756098,0.012195121951219513,0.7378048780487805,0.009146341463414634,5,0,0,74,4,242,3
63077,2017,general,mayor,256,0.01953125,0.01953125,0.00390625,0.27734375,0.01171875,0.6640625,0.00390625,5,5,1,71,3,170,1
63078,2017,general,mayor,178,0.02247191011235955,0,0.0056179775280898875,0.21348314606741572,0.016853932584269662,0.7247191011235955,0.016853932584269662,4,0,1,38,3,129,3
63079,2017,general,mayor,288,0.013888888888888888,0,0,0.2361111111111111,0.013888888888888888,0.7291666666666666,0.006944444444444444,4,0,0,68,4,210,2
63080,2017,general,mayor,253,0.007905138339920948,0.003952569169960474,0,0.5889328063241107,0.019762845849802372,0.3794466403162055,0,2,1,0,149,5,96,0
63081,2017,general,mayor,229,0.013100436681222707,0,0,0.20087336244541484,0.017467248908296942,0.7685589519650655,0,3,0,0,46,4,176,0
63082,2017,general,mayor,209,0.019138755980861243,0.004784688995215311,0,0.2583732057416268,0.004784688995215311,0.7129186602870813,0,4,1,0,54,1,149,0
63083,2017,general,mayor,251,0.01593625498007968,0,0,0.4900398406374502,0.00796812749003984,0.4820717131474104,0.00398406374501992,4,0,0,123,2,121,1
63084,2017,general,mayor,269,0.01858736059479554,0.011152416356877323,0,0.241635687732342,0.01858736059479554,0.7063197026022305,0.0037174721189591076,5,3,0,65,5,190,1
63085,2017,general,mayor,261,0.0038314176245210726,0.0038314176245210726,0,0.22988505747126436,0.019157088122605363,0.7394636015325671,0.0038314176245210726,1,1,0,60,5,193,1
63086,2017,general,mayor,0,NaN,NaN,NaN,NaN,NaN,NaN,NaN,0,0,0,0,0,0,0
63087,2017,general,mayor,0,NaN,NaN,NaN,NaN,NaN,NaN,NaN,0,0,0,0,0,0,0
63088,2017,general,mayor,0,NaN,NaN,NaN,NaN,NaN,NaN,NaN,0,0,0,0,0,0,0
63089,2017,general,mayor,0,NaN,NaN,NaN,NaN,NaN,NaN,NaN,0,0,0,0,0,0,0
63090,2017,general,mayor,0,NaN,NaN,NaN,NaN,NaN,NaN,NaN,0,0,0,0,0,0,0
64001,2017,general,mayor,327,0.01834862385321101,0.0030581039755351682,0,0.1529051987767584,0.021406727828746176,0.8012232415902141,0.0030581039755351682,6,1,0,50,7,262,1
64002,2017,general,mayor,423,0.016548463356973995,0.002364066193853428,0.002364066193853428,0.07801418439716312,0.01182033096926714,0.8841607565011821,0.004728132387706856,7,1,1,33,5,374,2
64003,2017,general,mayor,413,0.012106537530266344,0,0,0.13801452784503632,0.002421307506053269,0.8426150121065376,0.004842615012106538,5,0,0,57,1,348,2
64004,2017,general,mayor,314,0.01910828025477707,0.0031847133757961785,0.0031847133757961785,0.0732484076433121,0.0031847133757961785,0.8980891719745223,0,6,1,1,23,1,282,0
64005,2017,general,mayor,435,0.02528735632183908,0.0022988505747126436,0.0022988505747126436,0.13333333333333333,0.020689655172413793,0.8160919540229885,0,11,1,1,58,9,355,0
64006,2017,general,mayor,448,0.008928571428571428,0.004464285714285714,0.002232142857142857,0.11383928571428571,0.017857142857142856,0.8482142857142857,0.004464285714285714,4,2,1,51,8,380,2
64007,2017,general,mayor,438,0.0045662100456621,0.00228310502283105,0,0.1187214611872146,0.00684931506849315,0.867579908675799,0,2,1,0,52,3,380,0
64008,2017,general,mayor,350,0.022857142857142857,0.002857142857142857,0,0.13714285714285715,0.008571428571428572,0.8257142857142857,0.002857142857142857,8,1,0,48,3,289,1
64009,2017,general,mayor,323,0,0.01238390092879257,0,0.09287925696594428,0.009287925696594427,0.8823529411764706,0.0030959752321981426,0,4,0,30,3,285,1
64010,2017,general,mayor,329,0.015197568389057751,0.00303951367781155,0.00303951367781155,0.08206686930091185,0.0060790273556231,0.8875379939209727,0.00303951367781155,5,1,1,27,2,292,1
64011,2017,general,mayor,155,0.012903225806451613,0,0,0.08387096774193549,0.025806451612903226,0.8774193548387097,0,2,0,0,13,4,136,0
64012,2017,general,mayor,307,0.013029315960912053,0.003257328990228013,0,0.1237785016286645,0.009771986970684038,0.8436482084690554,0.006514657980456026,4,1,0,38,3,259,2
64013,2017,general,mayor,152,0.013157894736842105,0,0.006578947368421052,0.18421052631578946,0.019736842105263157,0.7763157894736842,0,2,0,1,28,3,118,0
64014,2017,general,mayor,390,0.005128205128205128,0.002564102564102564,0,0.11794871794871795,0,0.8692307692307693,0.005128205128205128,2,1,0,46,0,339,2
64015,2017,general,mayor,449,0.015590200445434299,0.0066815144766146995,0.004454342984409799,0.1514476614699332,0.0066815144766146995,0.8129175946547884,0.0022271714922048997,7,3,2,68,3,365,1
64016,2017,general,mayor,370,0.016216216216216217,0,0.002702702702702703,0.14054054054054055,0.005405405405405406,0.8324324324324325,0.002702702702702703,6,0,1,52,2,308,1
64017,2017,general,mayor,396,0.017676767676767676,0,0.005050505050505051,0.20202020202020202,0.005050505050505051,0.7626262626262627,0.007575757575757576,7,0,2,80,2,302,3
64018,2017,general,mayor,279,0.021505376344086023,0.0035842293906810036,0.014336917562724014,0.1827956989247312,0.007168458781362007,0.7634408602150538,0.007168458781362007,6,1,4,51,2,213,2
64019,2017,general,mayor,234,0.01282051282051282,0.008547008547008548,0,0.44017094017094016,0.017094017094017096,0.5213675213675214,0,3,2,0,103,4,122,0
64020,2017,general,mayor,311,0.01929260450160772,0.006430868167202572,0,0.2282958199356913,0.028938906752411574,0.7170418006430869,0,6,2,0,71,9,223,0
64021,2017,general,mayor,334,0.0029940119760479044,0.0029940119760479044,0,0.17065868263473055,0.008982035928143712,0.8143712574850299,0,1,1,0,57,3,272,0
64022,2017,general,mayor,380,0.02368421052631579,0.007894736842105263,0.007894736842105263,0.15263157894736842,0.010526315789473684,0.7868421052631579,0.010526315789473684,9,3,3,58,4,299,4
64023,2017,general,mayor,335,0.029850746268656716,0,0,0.1253731343283582,0.011940298507462687,0.8208955223880597,0.011940298507462687,10,0,0,42,4,275,4
64024,2017,general,mayor,316,0.022151898734177215,0,0.0031645569620253164,0.18670886075949367,0.0031645569620253164,0.7848101265822784,0,7,0,1,59,1,248,0
64025,2017,general,mayor,325,0.024615384615384615,0.006153846153846154,0.003076923076923077,0.14153846153846153,0,0.8215384615384616,0.003076923076923077,8,2,1,46,0,267,1
64026,2017,general,mayor,323,0.009287925696594427,0,0,0.21362229102167182,0.021671826625386997,0.7523219814241486,0.0030959752321981426,3,0,0,69,7,243,1
64027,2017,general,mayor,282,0.02127659574468085,0.0035460992907801418,0.0035460992907801418,0.1702127659574468,0,0.7907801418439716,0.010638297872340425,6,1,1,48,0,223,3
64028,2017,general,mayor,202,0,0,0,0.1485148514851485,0.0049504950495049506,0.8465346534653465,0,0,0,0,30,1,171,0
64029,2017,general,mayor,353,0.0084985835694051,0,0.0028328611898017,0.1388101983002833,0,0.8470254957507082,0.0028328611898017,3,0,1,49,0,299,1
64030,2017,general,mayor,301,0.009966777408637873,0.0033222591362126247,0,0.1760797342192691,0.006644518272425249,0.8006644518272426,0.0033222591362126247,3,1,0,53,2,241,1
64031,2017,general,mayor,290,0.006896551724137931,0.0034482758620689655,0,0.18275862068965518,0.013793103448275862,0.7896551724137931,0.0034482758620689655,2,1,0,53,4,229,1
64032,2017,general,mayor,348,0.011494252873563218,0.0028735632183908046,0.0028735632183908046,0.1839080459770115,0.011494252873563218,0.7844827586206896,0.0028735632183908046,4,1,1,64,4,273,1
64033,2017,general,mayor,296,0.013513513513513514,0.0033783783783783786,0,0.10472972972972973,0.0033783783783783786,0.8682432432432432,0.006756756756756757,4,1,0,31,1,257,2
64034,2017,general,mayor,370,0.016216216216216217,0.005405405405405406,0,0.1918918918918919,0.008108108108108109,0.7783783783783784,0,6,2,0,71,3,288,0
64035,2017,general,mayor,327,0.009174311926605505,0,0.0030581039755351682,0.14067278287461774,0.01834862385321101,0.8256880733944955,0.0030581039755351682,3,0,1,46,6,270,1
64036,2017,general,mayor,360,0.011111111111111112,0,0.002777777777777778,0.25555555555555554,0.008333333333333333,0.7166666666666667,0.005555555555555556,4,0,1,92,3,258,2
64037,2017,general,mayor,294,0.023809523809523808,0.003401360544217687,0,0.20068027210884354,0.006802721088435374,0.7653061224489796,0,7,1,0,59,2,225,0
64038,2017,general,mayor,297,0.016835016835016835,0.003367003367003367,0,0.21885521885521886,0.02356902356902357,0.7373737373737373,0,5,1,0,65,7,219,0
64039,2017,general,mayor,272,0.011029411764705883,0,0,0.19852941176470587,0.014705882352941176,0.7757352941176471,0,3,0,0,54,4,211,0
64040,2017,general,mayor,231,0.012987012987012988,0.008658008658008658,0,0.43722943722943725,0.004329004329004329,0.5281385281385281,0.008658008658008658,3,2,0,101,1,122,2
64041,2017,general,mayor,241,0,0.008298755186721992,0,0.1991701244813278,0.012448132780082987,0.7800829875518672,0,0,2,0,48,3,188,0
64042,2017,general,mayor,249,0.024096385542168676,0.004016064257028112,0,0.3413654618473896,0.004016064257028112,0.6224899598393574,0.004016064257028112,6,1,0,85,1,155,1
64043,2017,general,mayor,159,0.006289308176100629,0,0,0.2389937106918239,0.006289308176100629,0.7484276729559748,0,1,0,0,38,1,119,0
64044,2017,general,mayor,292,0.003424657534246575,0.003424657534246575,0.003424657534246575,0.2910958904109589,0.010273972602739725,0.6746575342465754,0.0136986301369863,1,1,1,85,3,197,4
64045,2017,general,mayor,256,0.01171875,0.00390625,0.00390625,0.24609375,0,0.734375,0,3,1,1,63,0,188,0
64046,2017,general,mayor,256,0.01171875,0.00390625,0,0.28515625,0.015625,0.68359375,0,3,1,0,73,4,175,0
64047,2017,general,mayor,325,0.012307692307692308,0.006153846153846154,0,0.30153846153846153,0.003076923076923077,0.6707692307692308,0.006153846153846154,4,2,0,98,1,218,2
64048,2017,general,mayor,391,0.017902813299232736,0.0025575447570332483,0.0025575447570332483,0.11764705882352941,0.0076726342710997444,0.8491048593350383,0.0025575447570332483,7,1,1,46,3,332,1
64049,2017,general,mayor,335,0.026865671641791045,0.011940298507462687,0.0029850746268656717,0.3402985074626866,0,0.608955223880597,0.008955223880597015,9,4,1,114,0,204,3
64050,2017,general,mayor,292,0.0136986301369863,0.003424657534246575,0.00684931506849315,0.3082191780821918,0.017123287671232876,0.6506849315068494,0,4,1,2,90,5,190,0
64051,2017,general,mayor,240,0.008333333333333333,0.008333333333333333,0,0.36666666666666664,0.0125,0.6041666666666666,0,2,2,0,88,3,145,0
64052,2017,general,mayor,285,0.02456140350877193,0.007017543859649123,0,0.2982456140350877,0.007017543859649123,0.6596491228070176,0.0035087719298245615,7,2,0,85,2,188,1
64053,2017,general,mayor,292,0.017123287671232876,0.00684931506849315,0,0.2979452054794521,0.003424657534246575,0.6746575342465754,0,5,2,0,87,1,197,0
64054,2017,general,mayor,389,0.02056555269922879,0.002570694087403599,0,0.17737789203084833,0.007712082262210797,0.7892030848329049,0.002570694087403599,8,1,0,69,3,307,1
64055,2017,general,mayor,352,0.011363636363636364,0.005681818181818182,0,0.15625,0.005681818181818182,0.8210227272727273,0,4,2,0,55,2,289,0
64056,2017,general,mayor,380,0.005263157894736842,0.010526315789473684,0.005263157894736842,0.15,0.015789473684210527,0.8052631578947368,0.007894736842105263,2,4,2,57,6,306,3
64057,2017,general,mayor,220,0.00909090909090909,0.00909090909090909,0,0.23636363636363636,0.00909090909090909,0.7318181818181818,0.004545454545454545,2,2,0,52,2,161,1
64058,2017,general,mayor,355,0.008450704225352112,0,0,0.11549295774647887,0.014084507042253521,0.8619718309859155,0,3,0,0,41,5,306,0
64059,2017,general,mayor,282,0.0070921985815602835,0,0,0.1702127659574468,0.0070921985815602835,0.8120567375886525,0.0035460992907801418,2,0,0,48,2,229,1
64060,2017,general,mayor,199,0.01507537688442211,0,0,0.16080402010050251,0,0.8190954773869347,0.005025125628140704,3,0,0,32,0,163,1
64061,2017,general,mayor,215,0.009302325581395349,0.009302325581395349,0,0.3395348837209302,0.013953488372093023,0.6232558139534884,0.004651162790697674,2,2,0,73,3,134,1
64062,2017,general,mayor,303,0.019801980198019802,0.006600660066006601,0,0.15841584158415842,0.013201320132013201,0.7986798679867987,0.0033003300330033004,6,2,0,48,4,242,1
64063,2017,general,mayor,276,0.021739130434782608,0.010869565217391304,0.0036231884057971015,0.18840579710144928,0.010869565217391304,0.7644927536231884,0,6,3,1,52,3,211,0
64064,2017,general,mayor,0,NaN,NaN,NaN,NaN,NaN,NaN,NaN,0,0,0,0,0,0,0
64065,2017,general,mayor,0,NaN,NaN,NaN,NaN,NaN,NaN,NaN,0,0,0,0,0,0,0
64066,2017,general,mayor,0,NaN,NaN,NaN,NaN,NaN,NaN,NaN,0,0,0,0,0,0,0
64067,2017,general,mayor,0,NaN,NaN,NaN,NaN,NaN,NaN,NaN,0,0,0,0,0,0,0
64068,2017,general,mayor,0,NaN,NaN,NaN,NaN,NaN,NaN,NaN,0,0,0,0,0,0,0
64069,2017,general,mayor,0,NaN,NaN,NaN,NaN,NaN,NaN,NaN,0,0,0,0,0,0,0
64070,2017,general,mayor,0,NaN,NaN,NaN,NaN,NaN,NaN,NaN,0,0,0,0,0,0,0
64075,2017,general,mayor,351,0.04843304843304843,0.008547008547008548,0.002849002849002849,0.45014245014245013,0.011396011396011397,0.47293447293447294,0.005698005698005698,17,3,1,158,4,166,2
64076,2017,general,mayor,335,0.05970149253731343,0.008955223880597015,0.0029850746268656717,0.42686567164179107,0.023880597014925373,0.46567164179104475,0.011940298507462687,20,3,1,143,8,156,4
64077,2017,general,mayor,390,0.05641025641025641,0.017948717948717947,0,0.3769230769230769,0.007692307692307693,0.5384615384615384,0.002564102564102564,22,7,0,147,3,210,1
64078,2017,general,mayor,365,0.043835616438356165,0.005479452054794521,0.0027397260273972603,0.4657534246575342,0.0027397260273972603,0.4712328767123288,0.00821917808219178,16,2,1,170,1,172,3
64079,2017,general,mayor,302,0.046357615894039736,0.019867549668874173,0,0.543046357615894,0.0033112582781456954,0.37748344370860926,0.009933774834437087,14,6,0,164,1,114,3
64080,2017,general,mayor,358,0.05865921787709497,0.01675977653631285,0,0.5418994413407822,0.002793296089385475,0.3743016759776536,0.00558659217877095,21,6,0,194,1,134,2
64081,2017,general,mayor,170,0.047058823529411764,0.0058823529411764705,0.011764705882352941,0.5823529411764706,0.0058823529411764705,0.32941176470588235,0.01764705882352941,8,1,2,99,1,56,3
64083,2017,general,mayor,307,0.019543973941368076,0.003257328990228013,0,0.5244299674267101,0.009771986970684038,0.43973941368078173,0.003257328990228013,6,1,0,161,3,135,1
64084,2017,general,mayor,386,0.054404145077720206,0.010362694300518135,0.0025906735751295338,0.3549222797927461,0.010362694300518135,0.5621761658031088,0.0051813471502590676,21,4,1,137,4,217,2
64085,2017,general,mayor,334,0.05389221556886228,0.008982035928143712,0,0.4281437125748503,0.005988023952095809,0.4940119760479042,0.008982035928143712,18,3,0,143,2,165,3
64086,2017,general,mayor,349,0.025787965616045846,0.017191977077363897,0.0028653295128939827,0.5558739255014327,0.0028653295128939827,0.39255014326647564,0.0028653295128939827,9,6,1,194,1,137,1
64087,2017,general,mayor,348,0.03735632183908046,0.008620689655172414,0,0.46551724137931033,0.011494252873563218,0.46551724137931033,0.011494252873563218,13,3,0,162,4,162,4
64088,2017,general,mayor,333,0.03303303303303303,0.015015015015015015,0,0.44144144144144143,0.009009009009009009,0.4984984984984985,0.003003003003003003,11,5,0,147,3,166,1
64089,2017,general,mayor,425,0.047058823529411764,0.002352941176470588,0.007058823529411765,0.2164705882352941,0.01411764705882353,0.7105882352941176,0.002352941176470588,20,1,3,92,6,302,1
64090,2017,general,mayor,431,0.03480278422273782,0.0069605568445475635,0,0.382830626450116,0.004640371229698376,0.5614849187935035,0.009280742459396751,15,3,0,165,2,242,4
64091,2017,general,mayor,199,0.05527638190954774,0,0,0.20603015075376885,0.010050251256281407,0.7286432160804021,0,11,0,0,41,2,145,0
64092,2017,general,mayor,248,0.04838709677419355,0.03225806451612903,0,0.4717741935483871,0.012096774193548387,0.4274193548387097,0.008064516129032258,12,8,0,117,3,106,2
64093,2017,general,mayor,352,0.06818181818181818,0.005681818181818182,0,0.3977272727272727,0.005681818181818182,0.5085227272727273,0.014204545454545454,24,2,0,140,2,179,5
